date,Apple,Apricot,Artichoke,Asparagus,Avocado,Banana,Bean Sprouts,Beans,Beets,Blackberries,Blueberries,Bok Choy,Boniato,Broccoli,Brussels Sprouts,Cabbage,Cantaloupe,Carambola,Carrots,Cauliflower,Celery,Chayote,Cherimoya,Cherries,Coconuts,Collard Greens,Corn,Cranberries,Cucumber,Dates,Eggplant,Endive,Escarole,Feijoa,Fennel,Figs,Garlic,Gooseberries,Grapefruit,Grapes,Green Beans,Green Onions,Greens,Guava,Jerusalem Artichoke,Jicama,Kale,Kohlrabi,Kumquat,Leeks,Lemons,Lettuce,Limes,Longan,Loquat,Lychee,Mangos,Mushrooms,Napa,Nectarines,Okra,Onion,Oranges,Papayas,Parsnip,Passion Fruit,Peaches,Pears,Peas,Peppers,Persimmons,Pineapple,Plantains,Plums,Pomegranate,Potatoes,Prickly Pear,Prunes,Pumpkin,Quince,Radicchio,Radishes,Raisins,Raspberries,Red Cabbage,Rhubarb,Romaine Lettuce,Rutabaga,Shallots,Spinach,Sprouts,Squash,Strawberries,Sweet Potato,Tangelo,Tangerines,Tomatillo,Tomato,Turnip,Ugli Fruit,Watercress,Watermelon,Yams,Yellow Squash,Cassava
2005-01-01,98,0,0,0,0,95,0,54,0,0,0,0,0,0,0,0,0,0,0,100,0,0,0,0,0,0,0,0,100,0,0,100,0,0,0,0,0,0,0,0,0,0,0,0,0,0,0,0,0,0,0,0,0,0,0,0,0,0,0,0,0,99,48,0,0,0,0,100,0,0,0,0,0,0,0,43,0,0,0,0,0,0,0,0,0,0,0,0,0,0,0,0,0,0,0,96,0,64,0,0,0,0,0,0,0
2005-02-01,78,0,0,0,37,73,0,0,0,0,100,0,0,21,0,0,0,0,0,0,0,0,0,82,0,0,0,0,0,0,0,0,0,0,0,0,0,0,0,0,0,0,0,0,0,0,0,0,0,0,0,0,0,0,0,0,0,0,0,0,0,0,52,0,0,0,0,0,0,0,0,0,0,0,0,0,0,0,0,0,0,0,74,0,0,0,0,0,0,100,0,0,0,0,0,0,0,0,0,0,0,0,0,0,0
2005-03-01,68,0,99,0,0,47,0,0,0,0,0,0,0,0,0,0,0,0,0,0,0,0,0,0,0,0,0,0,0,0,0,0,0,0,0,0,0,0,0,0,0,0,0,0,100,0,0,0,0,0,0,0,0,0,0,0,0,91,0,0,0,0,0,0,0,0,100,0,0,0,0,0,0,0,0,0,0,0,48,0,0,0,64,0,0,0,0,0,0,0,0,0,0,0,0,0,0,58,100,0,0,57,0,0,0
2005-04-01,77,0,0,0,36,89,0,0,0,0,0,0,0,31,0,0,0,0,0,0,0,0,0,81,0,0,0,0,0,0,100,0,0,100,0,0,0,0,0,0,0,0,0,0,0,0,0,0,62,0,0,0,0,0,0,0,0,0,0,0,0,0,100,0,0,88,0,0,100,0,0,66,0,0,0,44,0,0,0,0,0,0,0,0,0,0,0,0,0,0,0,0,0,0,0,100,0,0,0,0,0,65,0,0,0
2005-05-01,44,0,98,0,0,70,0,0,0,0,0,0,0,36,0,100,0,0,0,0,0,0,0,70,0,0,0,100,0,0,0,45,0,0,0,0,0,0,0,0,0,0,0,92,0,0,0,0,0,0,0,0,0,0,0,0,0,0,0,0,0,0,44,0,0,76,0,0,0,0,0,58,0,0,0,78,0,49,47,0,0,0,63,0,0,0,0,100,0,0,0,0,0,0,0,0,0,0,0,0,0,56,0,0,0
2005-06-01,45,0,100,0,32,36,0,100,0,0,0,0,0,18,0,0,0,0,0,0,0,0,0,72,0,0,0,0,0,0,0,0,0,0,0,0,100,100,0,0,0,0,100,0,0,0,0,0,0,100,0,0,0,0,0,53,0,0,0,0,0,0,45,0,0,0,0,93,0,0,100,59,0,0,0,40,0,0,0,0,0,0,65,0,0,0,0,0,0,0,0,0,0,0,0,0,0,59,0,0,100,0,0,0,0
2005-07-01,74,100,0,0,35,52,0,0,0,0,0,0,0,20,0,0,0,0,0,0,0,0,0,0,0,0,0,0,0,0,0,50,0,0,0,0,0,0,100,0,0,0,0,0,0,0,0,100,61,0,0,0,0,0,0,0,0,99,0,100,0,100,49,0,0,0,0,0,97,100,0,64,0,0,0,0,0,0,0,0,0,0,0,100,0,0,0,0,0,0,0,0,100,0,0,0,0,0,0,0,0,64,0,0,0
2005-08-01,68,0,0,0,32,55,0,0,0,0,0,0,0,54,0,0,0,0,100,0,0,0,0,72,0,0,0,0,0,0,0,46,0,0,0,0,0,0,0,0,0,0,0,0,0,0,0,0,55,0,0,0,0,0,0,0,0,91,0,0,0,0,0,0,0,0,0,0,0,0,0,0,0,0,0,0,0,100,47,0,0,0,64,0,0,0,0,0,0,0,0,72,0,0,0,0,0,0,0,0,0,0,0,0,0
2005-09-01,42,0,0,0,59,88,0,0,0,0,0,0,0,17,0,0,0,100,0,0,0,0,0,100,0,0,0,0,0,0,0,0,0,83,0,0,0,0,0,0,0,0,0,0,0,0,0,0,0,0,0,0,0,0,0,0,0,0,0,0,0,0,41,0,0,0,0,0,83,0,0,0,0,0,0,0,0,47,0,0,0,0,60,0,0,0,0,0,0,80,0,67,0,0,0,0,0,0,0,0,0,0,0,0,0
2005-10-01,76,0,84,0,27,66,0,42,0,0,0,0,0,15,0,0,0,0,0,0,0,0,0,0,0,0,0,85,77,0,0,0,0,0,0,0,0,0,77,0,0,0,0,79,85,0,0,0,46,0,0,75,0,0,0,44,0,75,0,77,0,76,0,0,0,0,0,0,0,0,0,100,0,0,0,100,0,0,60,0,0,0,0,0,0,0,0,0,0,0,76,0,0,0,0,0,0,0,0,0,0,0,0,0,0
2005-11-01,58,0,0,0,27,81,0,42,0,0,0,0,0,23,0,0,0,92,0,0,0,0,0,61,0,0,0,0,78,0,0,0,0,0,100,0,0,0,0,0,0,0,0,0,0,0,0,0,0,0,0,0,0,0,0,89,0,0,0,0,0,0,50,0,0,0,0,0,0,0,0,50,0,0,0,50,100,0,41,0,0,0,55,0,0,0,0,0,0,0,0,0,0,0,0,0,0,100,85,0,0,49,0,0,0
2005-12-01,37,0,0,0,0,58,0,0,0,0,70,0,0,22,100,0,100,0,0,0,0,0,0,0,0,0,0,83,76,0,0,0,0,0,0,0,0,0,0,0,0,0,0,0,0,0,0,0,44,0,0,0,0,0,0,43,0,73,0,0,0,0,0,0,0,64,0,0,72,0,0,48,0,0,0,33,0,0,0,0,0,0,53,0,0,0,0,0,0,0,0,0,0,0,0,0,0,0,0,0,0,0,0,0,0
2006-01-01,33,0,0,100,0,46,0,36,0,0,0,0,0,13,0,0,0,78,0,0,66,0,61,0,0,0,100,0,0,0,65,0,0,0,86,0,0,0,0,0,0,0,0,0,0,0,0,0,40,0,0,65,0,0,0,38,0,0,0,0,0,0,0,0,100,0,73,0,65,0,0,43,0,0,0,43,0,0,35,0,0,0,0,0,0,0,0,0,0,0,65,0,0,0,0,0,0,0,0,0,0,42,0,0,0
2006-02-01,56,0,0,0,24,59,0,0,0,0,0,0,0,23,0,0,0,80,0,0,0,0,0,0,0,0,0,0,0,0,0,35,0,0,0,0,0,0,0,86,0,0,0,0,0,0,0,69,0,0,0,0,0,0,0,39,0,67,0,0,0,0,33,0,0,0,0,0,0,0,0,45,0,0,0,0,0,0,36,0,0,0,0,0,0,0,0,0,0,0,68,0,69,0,0,0,0,0,0,0,75,43,0,0,0
2006-03-01,30,0,0,0,21,47,0,65,0,0,57,0,0,32,0,0,0,0,66,0,0,0,0,0,0,0,91,0,60,0,58,0,0,0,0,0,66,0,0,0,0,0,0,0,0,0,0,0,54,0,0,0,0,0,0,69,0,0,0,0,0,0,0,0,0,0,0,61,0,0,0,39,100,0,0,26,0,0,31,0,0,0,0,0,0,0,0,0,0,57,0,0,0,69,0,0,0,39,0,0,0,38,100,0,0
2006-04-01,0,65,72,0,23,68,0,36,0,0,0,0,0,13,0,0,89,0,0,0,0,0,0,51,0,0,0,0,0,0,0,0,0,0,0,100,0,0,0,81,100,0,0,0,0,0,0,0,40,0,0,0,0,0,65,0,0,0,0,0,0,66,0,0,0,0,0,0,64,0,0,42,0,0,0,0,0,36,0,0,0,0,0,0,0,0,0,0,0,0,0,0,0,0,0,0,100,0,0,0,0,0,0,0,0
2006-05-01,29,0,0,0,21,51,0,0,0,0,0,0,0,18,0,0,0,0,0,0,0,0,0,46,0,0,0,66,0,0,58,30,0,0,0,0,0,0,0,0,0,0,0,0,0,0,0,0,36,0,0,58,0,62,58,0,0,59,0,0,0,58,0,0,0,51,0,0,0,0,65,38,0,0,0,0,0,0,0,0,0,0,0,0,0,0,0,0,0,0,0,0,0,0,0,0,0,0,0,0,0,0,0,0,0
2006-06-01,0,0,0,0,0,61,0,35,90,0,0,0,0,13,0,0,0,0,0,0,0,0,0,0,0,0,0,0,0,0,0,0,0,0,0,0,0,0,0,0,49,0,0,0,0,0,51,0,39,0,0,0,0,0,0,0,0,0,0,0,0,0,31,0,0,0,0,0,0,64,0,41,0,0,0,28,82,0,0,0,0,0,0,0,0,0,0,0,0,60,63,0,0,72,0,0,0,41,71,0,0,0,0,0,0
2006-07-01,52,0,0,0,0,31,0,0,100,0,0,0,0,14,0,0,0,0,0,0,0,0,0,55,0,0,0,0,0,0,0,0,0,0,0,0,0,77,71,0,0,0,77,0,0,0,0,0,43,0,0,70,0,74,0,0,0,0,0,0,0,0,35,0,0,60,0,0,69,0,0,0,0,0,0,0,0,0,37,0,0,0,100,0,0,0,0,0,0,0,0,0,71,0,0,0,0,46,0,0,0,45,0,0,0
2006-08-01,43,56,0,0,20,80,0,0,0,0,0,0,0,12,0,0,0,0,0,0,0,0,53,45,0,0,0,0,0,0,0,0,0,0,0,0,0,0,57,71,0,0,0,59,0,0,0,0,0,0,0,56,0,0,0,0,0,0,0,0,0,58,28,0,0,50,0,0,57,0,0,37,0,0,0,25,0,31,0,0,0,0,40,56,0,100,0,0,0,0,0,0,0,0,100,0,0,36,0,0,0,36,0,0,0
2006-09-01,66,0,0,0,20,49,0,46,0,0,0,0,0,57,0,0,0,0,62,0,0,0,0,0,0,0,0,0,0,0,0,0,0,0,0,87,0,0,0,0,43,0,0,59,0,0,46,0,0,0,0,0,0,59,0,0,0,56,0,57,0,56,28,0,85,0,0,0,0,0,0,37,0,0,100,25,0,0,45,0,0,0,80,0,0,0,0,64,0,0,0,45,0,0,0,0,0,0,0,0,0,36,0,0,0
2006-10-01,50,50,0,0,0,57,0,0,0,0,0,0,0,30,0,56,0,0,0,0,0,0,0,39,0,0,0,0,0,0,0,26,0,0,0,0,0,0,51,0,39,0,0,52,0,0,40,0,0,0,100,0,0,0,50,29,0,100,0,0,0,0,25,0,0,65,0,0,49,0,0,0,0,0,88,33,0,0,93,100,0,0,36,0,0,0,0,0,0,0,0,0,0,58,0,0,0,0,0,0,0,0,0,0,0
2006-11-01,100,0,0,0,18,43,0,27,0,0,0,0,0,20,68,0,0,0,0,51,100,0,0,39,0,0,0,0,0,0,0,0,0,0,65,0,0,0,0,0,38,0,0,0,0,0,40,0,30,0,0,49,100,0,100,0,0,0,0,0,0,50,49,0,0,43,0,0,49,0,0,0,0,89,89,43,0,0,0,100,0,0,53,0,0,0,0,0,0,0,0,0,0,0,43,0,0,32,0,0,0,0,0,0,0
2006-12-01,75,0,0,0,18,48,0,27,0,0,0,0,0,25,69,0,0,0,0,0,0,100,0,0,0,0,0,0,0,0,0,26,0,0,0,0,55,0,0,62,0,0,55,52,0,0,0,0,30,0,0,0,0,0,0,29,0,0,0,0,0,0,0,0,0,0,56,0,0,50,0,32,0,0,89,22,0,0,26,0,0,0,36,0,0,0,0,0,0,0,100,0,51,0,0,0,0,65,0,0,0,32,0,0,0
2007-01-01,29,0,0,0,15,38,0,0,0,0,0,0,0,15,0,0,0,0,0,0,0,0,0,0,0,0,0,0,0,0,43,22,0,0,0,0,0,0,44,0,0,0,0,68,0,0,0,43,40,0,0,0,0,0,0,100,0,43,0,0,0,0,29,0,0,37,0,0,42,0,0,28,0,0,0,0,0,0,0,0,82,0,0,0,0,0,0,49,0,0,0,0,0,0,0,0,0,29,0,0,0,28,0,0,0
2007-02-01,48,0,0,0,17,58,0,0,0,0,0,0,0,13,0,53,0,56,52,0,0,0,0,0,0,0,0,0,0,0,0,24,0,0,0,74,52,0,0,0,0,0,0,49,53,0,0,47,29,0,0,0,0,0,0,82,0,0,0,0,100,0,23,0,0,0,0,48,0,0,0,0,0,0,0,21,0,0,25,0,0,0,0,0,0,0,0,0,0,90,47,0,0,0,0,0,0,0,0,0,0,0,0,0,0
2007-03-01,53,0,0,0,15,60,0,23,0,0,41,0,0,26,0,48,0,0,0,0,0,0,0,34,0,0,66,0,0,0,0,0,0,0,0,0,0,0,43,0,0,0,0,44,0,0,0,43,26,0,0,0,0,0,0,37,0,0,0,0,0,0,21,0,0,0,0,0,0,0,0,0,0,0,0,19,0,0,22,0,0,0,30,0,0,0,0,48,0,0,0,34,43,0,0,0,0,0,0,100,0,0,0,0,0
2007-04-01,35,0,0,0,17,54,0,26,0,0,0,0,0,9,0,0,0,0,0,0,47,0,0,0,0,0,0,53,0,0,0,0,0,0,0,0,0,0,0,0,37,0,0,49,0,0,0,0,0,0,0,47,0,100,0,55,100,0,0,0,0,48,35,0,0,0,0,0,47,0,0,31,0,85,0,21,0,0,0,0,0,0,0,0,0,0,0,0,0,90,47,0,48,0,0,0,0,0,0,0,0,0,0,0,0
2007-05-01,19,0,43,0,14,44,0,21,0,0,0,0,0,21,53,43,0,0,0,39,0,0,0,30,0,0,59,0,0,0,38,20,0,0,0,0,42,0,0,0,0,0,42,80,0,0,31,0,35,0,0,0,0,0,77,33,0,0,0,0,0,39,57,0,58,0,0,0,38,0,0,25,0,0,0,0,0,21,0,0,74,0,27,0,0,0,0,0,0,37,38,31,39,0,0,0,0,25,0,0,0,25,0,0,0
2007-06-01,40,40,0,0,14,35,0,0,0,0,0,0,0,20,0,0,0,0,0,0,0,0,37,31,0,0,0,0,0,0,0,20,0,0,0,0,0,0,0,100,0,0,0,0,0,0,0,40,0,0,0,40,0,42,0,0,0,0,0,0,0,40,0,0,0,0,0,0,39,0,0,26,0,71,0,17,0,0,21,0,0,0,0,0,100,0,0,0,0,38,40,0,0,0,0,0,0,26,0,0,0,64,0,0,0
2007-07-01,50,43,0,0,15,68,0,24,0,0,0,0,0,13,0,0,0,0,0,0,0,0,0,69,0,0,0,49,0,0,0,0,0,0,0,0,0,0,0,0,33,0,0,45,0,0,0,0,0,0,0,0,0,0,0,0,92,0,0,44,91,0,21,100,0,0,0,0,0,0,0,0,0,0,0,19,0,24,0,0,0,0,31,0,0,77,0,0,0,0,0,0,0,0,0,42,0,0,0,0,0,27,0,0,0
2007-08-01,47,0,0,0,43,46,0,22,0,0,0,0,0,13,0,0,0,0,0,0,0,0,0,32,0,0,0,0,0,0,0,0,0,0,0,0,44,0,0,0,0,0,0,0,0,0,0,0,25,0,0,0,0,0,0,70,0,0,0,41,85,0,26,0,0,35,0,0,0,0,0,26,0,0,0,18,0,33,28,0,0,0,29,0,0,0,0,0,0,38,0,0,0,0,0,0,0,78,45,0,0,26,0,0,0
2007-09-01,85,0,0,0,27,37,0,29,0,0,0,0,0,10,0,0,0,46,43,0,0,0,0,0,0,0,0,44,0,0,38,0,0,0,51,0,0,0,0,0,0,0,0,0,0,0,0,0,0,0,0,0,0,41,0,0,0,39,0,0,0,0,48,0,0,34,0,0,38,0,0,0,0,0,0,42,0,22,41,79,0,0,56,0,0,0,0,44,100,37,0,0,40,0,0,0,0,25,0,0,0,25,0,0,0
2007-10-01,41,36,39,0,19,43,0,19,51,0,0,0,0,12,0,39,48,0,0,0,0,0,0,56,0,0,0,0,0,0,70,0,0,0,46,0,39,0,36,44,0,0,0,36,0,0,0,0,22,0,0,0,0,0,0,0,0,35,0,0,0,0,41,0,0,0,0,36,34,0,0,0,0,0,0,30,0,0,19,0,0,0,38,36,0,0,0,39,0,0,53,28,0,0,0,0,0,23,40,82,0,0,0,0,0
2007-11-01,26,0,0,0,24,45,0,19,50,0,0,0,0,18,47,77,0,0,38,0,34,0,33,27,0,0,0,0,0,0,0,18,0,0,0,0,38,0,35,0,0,0,0,36,0,0,0,0,42,0,70,34,70,0,0,20,73,0,0,0,0,0,57,0,0,0,0,0,34,0,0,22,0,0,0,30,0,0,18,0,0,0,25,0,0,0,100,39,0,0,35,0,0,0,0,0,0,0,0,0,0,0,0,0,0
2007-12-01,18,0,41,0,13,29,0,20,0,0,0,0,0,29,0,0,0,0,0,0,0,0,0,29,0,0,57,0,0,0,0,19,0,36,48,0,40,0,50,0,0,0,0,39,41,0,0,37,22,0,74,0,0,0,0,64,0,37,0,0,0,0,66,0,55,32,0,0,0,0,0,24,0,0,0,0,0,0,0,0,0,0,0,0,0,0,0,41,0,35,36,0,0,0,0,0,0,0,0,0,40,23,0,0,0
2008-01-01,50,0,0,0,35,41,0,0,48,0,0,0,0,27,45,0,0,59,0,0,33,0,0,26,0,100,0,38,33,0,0,17,0,0,0,0,0,0,0,0,0,0,0,35,0,0,27,0,20,0,0,0,66,0,0,48,70,0,0,0,0,34,71,0,0,29,0,34,0,66,0,22,0,59,0,29,0,0,18,0,0,0,24,0,0,0,0,37,0,31,66,0,33,0,0,0,0,21,37,0,0,0,0,0,0
2008-02-01,36,0,0,54,13,56,0,26,0,0,0,0,0,22,0,0,0,42,0,0,0,0,0,0,0,0,0,40,0,0,0,0,0,0,47,0,40,0,0,0,0,0,0,56,0,0,0,0,22,0,0,0,72,0,0,21,0,36,0,0,0,0,61,0,0,0,40,36,0,36,0,0,0,0,0,31,0,0,19,0,0,0,0,0,0,0,0,0,0,68,36,0,36,41,0,0,0,0,40,0,0,23,0,0,0
2008-03-01,61,0,37,0,0,52,0,18,0,0,0,0,0,20,0,0,0,0,0,0,0,0,31,0,0,0,0,38,0,0,0,0,0,0,0,0,0,0,34,0,26,0,0,34,0,0,0,0,0,0,0,0,0,35,0,19,0,0,0,0,0,33,49,0,0,29,0,0,0,33,0,0,0,60,0,14,0,0,18,0,0,0,24,0,0,59,0,0,0,32,33,0,0,0,0,0,0,21,74,0,0,0,0,0,0
2008-04-01,29,0,0,52,24,39,0,28,0,0,0,0,0,17,0,0,0,0,0,0,35,0,0,0,0,0,0,0,0,0,34,0,0,0,45,0,0,0,0,43,0,0,0,72,39,0,0,0,21,0,0,34,0,0,0,20,0,0,0,0,0,0,51,0,0,30,0,0,34,0,0,22,0,0,0,23,0,0,37,0,0,0,24,0,0,61,0,39,0,33,0,0,0,0,0,0,0,67,0,0,0,22,0,0,0
2008-05-01,17,0,37,52,12,65,0,19,0,0,0,0,0,7,47,0,0,0,38,0,0,0,32,0,0,0,0,0,34,0,67,17,0,0,0,0,0,0,35,0,0,0,37,59,0,0,0,0,21,37,0,100,0,0,34,0,0,0,0,0,70,0,50,0,0,0,0,0,0,0,0,45,0,61,0,30,0,0,18,0,0,0,24,0,0,0,0,0,0,64,0,0,51,40,0,0,0,22,39,0,0,22,57,0,0
2008-06-01,34,0,37,52,12,48,0,37,48,0,0,0,0,7,0,0,0,0,0,0,0,0,0,0,0,0,0,39,0,0,0,0,0,0,0,53,0,0,0,0,26,0,0,71,0,0,0,0,31,0,0,0,69,0,35,0,0,0,0,34,0,0,39,0,0,0,0,35,33,0,0,45,0,0,0,30,0,0,18,0,0,0,24,0,0,0,0,0,0,0,0,27,0,39,0,0,0,22,0,0,0,43,0,0,0
2008-07-01,19,0,0,0,13,36,0,31,0,0,0,0,0,10,0,0,51,0,41,38,38,0,0,0,0,0,0,0,0,100,37,19,0,0,48,0,41,0,0,0,0,0,0,0,0,0,0,0,23,0,0,0,0,39,38,0,0,0,0,38,79,0,46,0,0,0,0,0,37,0,0,24,0,0,0,0,0,0,20,0,72,0,40,38,0,0,0,42,0,53,0,0,38,0,0,0,0,0,0,0,0,24,0,0,0
2008-08-01,18,0,39,0,12,56,0,0,0,0,0,0,0,18,0,0,97,0,0,0,0,0,0,0,0,0,0,40,0,0,0,18,100,0,0,0,0,0,0,0,0,0,0,61,0,0,0,0,21,0,0,0,0,0,0,0,0,35,0,36,0,36,46,0,0,0,0,0,0,0,0,46,0,0,0,0,0,39,0,0,0,0,0,0,0,0,0,0,0,0,0,0,0,0,0,0,0,0,0,0,0,23,0,0,0
2008-09-01,55,0,37,0,35,61,0,36,0,0,31,0,0,16,0,0,0,0,0,0,34,0,0,0,0,0,0,0,0,0,33,0,0,0,0,0,0,0,34,0,0,0,0,58,0,0,27,0,0,0,0,33,0,0,0,19,0,0,0,33,0,0,22,0,0,29,0,0,32,0,0,22,0,0,0,22,0,18,44,0,0,0,24,0,0,0,0,0,0,0,0,27,33,0,29,0,0,65,37,0,0,21,0,0,0
2008-10-01,69,0,0,0,0,59,0,0,0,0,0,0,0,12,0,34,0,0,0,62,0,0,0,24,0,0,47,35,0,0,0,0,0,0,0,0,0,0,31,0,0,0,0,64,0,0,25,0,75,0,0,0,0,0,0,0,0,0,0,0,0,0,25,0,0,26,0,0,30,0,0,0,0,0,0,27,0,17,48,0,59,0,0,0,0,54,0,0,0,73,0,0,31,0,0,0,0,20,0,0,0,19,0,0,0
2008-11-01,22,0,0,0,11,34,0,0,0,0,0,0,0,24,45,0,0,0,0,0,0,0,0,0,0,0,0,0,33,86,0,17,0,0,0,0,36,0,33,0,0,0,0,34,0,0,26,33,0,0,0,32,0,34,0,19,0,33,0,0,0,33,27,0,0,28,0,33,0,0,0,21,0,58,0,28,0,18,40,0,0,0,23,0,0,0,0,0,0,31,32,0,0,37,0,0,0,0,36,0,0,0,55,0,0
2008-12-01,40,32,36,0,11,45,0,18,46,0,0,65,0,26,0,36,0,39,0,33,0,0,31,26,0,0,0,61,0,0,0,33,0,0,0,0,0,0,0,0,0,0,0,0,0,0,0,0,39,0,0,32,0,34,0,28,0,32,0,0,0,33,37,0,0,28,0,33,32,0,0,21,0,0,0,56,0,18,23,0,0,0,23,0,0,0,0,0,0,31,33,78,32,37,0,32,0,21,36,0,0,21,0,0,0
2009-01-01,22,0,33,45,21,36,0,16,43,0,0,0,0,44,40,33,0,0,0,0,0,0,0,0,0,0,45,0,0,0,29,30,84,0,38,0,32,0,30,0,0,0,0,31,0,0,0,0,0,0,0,0,0,31,0,43,0,0,0,0,0,0,78,0,45,34,0,0,0,30,0,19,0,0,0,13,0,16,16,0,0,0,21,0,0,0,0,0,0,0,29,24,30,0,0,0,0,0,0,0,0,0,0,0,0
2009-02-01,27,32,35,0,11,39,0,18,46,0,0,0,0,26,0,0,0,0,36,0,0,0,0,0,0,0,0,36,32,86,0,16,0,0,42,0,0,0,33,0,0,0,0,100,0,0,26,32,0,35,0,32,0,0,0,0,0,0,0,32,0,0,32,0,49,28,0,0,0,0,0,0,0,0,57,28,0,18,51,0,0,0,23,0,0,0,0,0,0,0,48,26,0,75,0,0,0,0,36,0,0,0,0,0,0
2009-03-01,34,0,48,0,10,28,91,16,0,0,0,0,0,16,0,0,0,0,0,0,0,0,0,0,0,0,0,0,29,0,28,0,0,0,0,0,0,0,30,0,22,0,0,61,0,0,0,0,27,0,0,0,0,0,0,0,0,29,0,29,0,29,19,0,0,25,0,59,29,0,0,0,0,0,0,25,0,0,0,0,0,0,0,0,0,52,0,0,0,56,29,23,29,33,0,28,0,37,0,0,0,18,49,0,100
2009-04-01,32,0,35,0,17,33,100,17,0,0,0,0,0,15,0,36,0,0,35,0,0,0,59,0,0,0,0,0,0,0,0,16,0,0,0,0,35,0,0,40,0,0,0,99,0,100,26,0,39,0,0,0,0,0,0,37,0,31,0,0,0,0,21,0,0,27,0,32,0,0,0,0,0,0,0,35,0,17,17,0,0,0,23,32,0,0,0,0,0,0,0,25,0,37,0,0,0,42,0,0,0,20,0,0,0
2009-05-01,58,0,0,0,21,66,0,0,0,0,0,0,0,14,40,0,0,35,32,0,0,58,0,23,0,0,0,33,0,0,29,0,0,0,0,0,32,0,29,0,0,0,0,30,0,0,23,0,0,0,0,0,0,0,29,17,0,0,0,0,0,0,52,0,0,25,0,0,0,0,0,0,0,0,0,19,0,0,31,0,0,0,0,0,0,0,0,0,0,28,44,0,0,33,0,0,0,28,32,0,0,0,49,0,0
2009-06-01,29,0,0,0,0,35,0,16,0,0,0,0,0,17,39,0,0,0,0,29,29,0,0,23,0,0,0,0,0,77,28,15,0,0,0,0,0,0,29,0,0,0,0,30,0,0,0,0,0,0,0,28,0,0,0,17,0,28,0,58,0,29,47,0,0,49,0,0,28,0,0,25,0,0,0,25,0,16,15,0,0,0,20,0,0,0,0,0,0,27,48,0,0,0,0,0,0,28,65,0,0,18,0,0,0
2009-07-01,48,0,35,0,11,53,0,0,0,0,0,64,0,21,0,0,0,0,0,0,32,0,0,0,0,0,0,36,0,0,0,0,0,0,41,0,0,0,0,0,0,0,0,33,0,0,0,0,0,0,0,64,0,0,32,0,67,0,0,48,0,0,68,0,0,28,0,32,31,48,0,31,0,57,0,14,0,18,25,65,61,0,0,0,0,57,0,0,0,46,0,26,0,0,0,0,0,21,0,0,0,51,54,0,0
2009-08-01,30,0,0,0,16,37,0,16,43,0,0,0,0,12,0,0,0,0,0,0,0,0,0,0,0,0,0,34,30,0,0,15,0,0,0,0,0,0,30,0,23,0,0,31,0,0,0,0,37,0,0,0,0,32,30,17,0,0,0,0,0,0,29,0,0,39,0,31,0,0,0,39,0,54,0,33,0,17,16,0,57,0,0,0,0,0,0,0,0,28,0,24,0,0,0,0,0,0,0,0,0,19,0,0,0
2009-09-01,28,28,0,0,20,47,0,15,40,0,0,0,0,21,0,0,0,0,0,0,0,0,0,22,0,0,43,31,0,0,0,14,80,0,0,0,0,0,0,36,65,0,0,29,0,0,0,0,17,0,0,56,0,30,0,0,0,28,0,0,0,0,51,0,0,24,0,0,28,0,0,0,0,100,0,18,0,31,25,0,0,0,61,0,0,0,0,0,0,40,28,23,0,0,0,0,0,54,0,0,0,18,0,0,0
2009-10-01,26,0,29,0,19,46,0,15,38,0,0,0,0,30,73,0,0,0,0,0,0,0,0,0,0,0,41,45,27,0,26,22,75,0,0,41,29,0,27,33,0,100,0,55,0,0,0,0,16,0,0,0,0,0,0,31,0,53,0,0,0,0,48,0,0,23,0,27,0,26,0,34,0,0,47,29,0,0,84,0,51,0,19,27,0,0,0,30,0,38,79,21,27,0,0,0,0,34,0,0,0,17,0,0,0
2009-11-01,39,0,0,0,32,34,0,29,0,0,0,0,0,26,36,0,0,0,0,27,27,0,25,21,0,0,0,59,0,0,26,0,0,0,34,0,29,0,27,33,0,0,29,36,0,0,21,0,16,0,0,0,0,0,0,15,56,0,0,0,0,26,60,0,0,0,0,27,52,26,0,26,0,0,0,17,0,15,28,53,0,0,19,0,0,47,0,30,0,25,0,21,0,30,0,0,0,17,30,62,0,17,0,0,0
2009-12-01,31,27,29,0,12,44,0,29,0,0,25,53,0,19,36,0,0,32,29,0,27,0,25,0,0,0,0,75,0,0,0,13,0,0,35,0,0,0,27,0,0,0,0,28,0,0,21,0,0,0,0,0,0,0,0,31,0,26,0,0,0,27,69,0,0,23,0,0,0,0,0,43,0,0,0,40,0,0,14,0,0,0,37,26,0,0,0,30,0,50,26,21,27,0,0,26,41,17,0,0,0,17,0,0,0
2010-01-01,57,0,41,0,20,47,0,27,0,0,0,0,0,29,33,0,0,29,27,0,0,0,0,0,0,0,0,54,24,0,24,12,0,0,0,0,53,0,25,31,19,0,0,0,0,0,0,0,29,0,0,0,0,0,0,35,0,0,0,0,0,25,36,0,0,0,0,0,24,25,0,16,0,0,0,10,0,0,19,0,0,0,43,0,0,0,0,27,0,23,24,0,25,0,0,0,0,15,27,0,0,16,0,0,0
2010-02-01,20,0,29,0,9,37,0,14,37,0,0,0,0,26,36,29,0,0,29,0,26,0,0,0,0,0,0,59,0,0,0,14,0,0,0,40,0,0,53,33,20,0,0,41,29,0,0,0,26,28,0,26,0,28,0,30,0,53,0,0,0,26,34,0,0,22,0,0,26,0,0,0,0,0,0,28,0,0,14,0,0,0,18,0,0,0,0,0,66,50,26,21,26,0,0,0,0,17,44,0,0,17,0,0,0
2010-03-01,24,0,26,0,17,44,0,17,34,0,0,0,0,27,33,26,0,0,52,0,0,0,22,38,0,71,0,40,24,0,0,12,68,0,62,74,26,0,49,0,0,0,26,25,27,0,0,0,14,0,0,0,0,0,0,14,0,48,0,0,0,0,43,0,36,21,0,24,24,0,0,16,0,0,0,15,0,0,25,0,46,0,17,0,0,0,0,0,61,23,24,19,24,28,0,0,0,16,0,0,0,15,0,0,0
2010-04-01,34,0,0,0,10,42,0,15,0,0,0,0,0,13,0,30,0,32,0,0,0,0,0,21,0,0,41,61,27,0,0,0,0,0,0,42,30,0,0,0,0,0,0,42,0,0,0,0,16,0,0,0,0,29,0,31,57,27,0,0,57,0,40,0,0,23,0,0,53,27,0,18,0,0,0,0,0,0,14,0,0,0,0,27,0,0,0,0,0,0,0,0,27,31,0,0,0,0,0,0,30,17,0,0,0
2010-05-01,39,26,29,0,34,43,0,14,37,0,0,52,0,23,0,29,0,0,29,27,26,0,0,21,0,0,0,29,0,0,26,13,0,0,0,0,0,0,0,0,20,0,57,27,0,0,0,0,24,0,0,26,0,0,0,0,0,0,0,26,0,26,21,0,39,22,0,26,26,26,0,28,0,47,0,11,0,14,14,0,0,0,0,26,0,46,0,29,0,25,0,0,26,0,0,0,0,0,0,0,0,17,0,0,0
2010-06-01,34,0,29,41,29,40,0,15,0,0,26,0,0,14,0,60,0,0,30,0,27,0,26,22,0,0,0,30,0,0,0,14,0,0,35,0,0,0,41,0,0,0,0,29,0,0,0,0,33,0,0,27,0,28,0,16,0,0,0,54,0,0,40,0,0,23,0,27,0,27,0,17,0,0,0,18,0,0,14,0,52,0,57,28,0,0,0,0,69,0,0,0,55,0,0,0,41,0,59,0,0,35,0,0,0
2010-07-01,37,30,33,0,14,29,0,33,0,0,29,0,0,16,0,34,0,36,0,62,0,0,0,72,0,0,0,34,0,0,29,15,0,30,39,47,33,0,61,38,0,0,0,31,0,0,24,0,18,0,0,0,0,0,0,17,0,0,0,0,0,30,34,0,0,26,0,31,59,0,0,20,0,0,0,20,0,25,16,0,0,0,21,0,0,0,87,0,0,0,0,24,30,34,26,0,0,0,34,0,0,29,0,0,0
2010-08-01,26,26,0,0,9,43,0,36,74,0,0,0,0,14,0,0,36,0,0,27,0,0,0,21,0,0,0,29,26,0,26,0,0,0,0,0,0,0,0,33,20,0,29,27,0,0,21,0,16,0,0,0,0,0,0,30,0,26,0,26,0,26,30,0,0,34,29,0,26,0,0,0,0,0,0,34,0,19,14,0,100,0,37,0,65,0,0,29,0,25,0,21,0,0,23,0,0,34,29,0,0,25,0,0,0
2010-09-01,74,0,29,0,9,54,0,14,0,0,25,0,0,17,0,0,35,31,0,0,26,0,0,41,0,0,40,30,27,0,0,26,0,26,34,0,0,0,27,33,20,0,0,36,0,0,0,26,16,28,0,26,0,0,0,15,55,26,0,26,54,0,25,0,0,45,0,0,26,26,0,0,0,46,47,11,0,29,20,0,51,0,37,26,0,0,0,0,0,25,39,31,27,0,0,0,0,17,0,0,28,39,0,0,0
2010-10-01,49,24,0,37,20,53,0,0,0,0,0,0,0,26,0,0,0,29,0,0,25,0,0,19,0,0,0,28,0,0,24,0,0,0,64,0,27,0,25,0,0,0,27,51,0,0,20,0,22,0,0,24,0,0,0,28,0,36,0,0,0,0,24,0,0,21,0,0,24,0,0,16,0,0,0,11,32,13,43,0,47,0,35,0,62,0,0,0,0,23,24,19,0,0,0,0,0,0,27,0,27,16,41,0,0
2010-11-01,44,0,26,0,25,38,0,20,0,0,23,0,0,27,0,0,0,0,26,0,0,0,0,0,0,0,37,40,24,0,23,12,0,0,31,0,26,0,0,0,0,91,26,42,0,0,19,24,22,0,0,24,0,25,0,0,0,0,0,24,0,0,35,0,0,21,27,48,24,24,0,16,0,0,0,16,0,0,31,0,46,0,26,24,0,42,0,54,0,0,24,19,0,27,0,0,0,23,27,0,0,15,40,0,0
2010-12-01,39,0,26,0,8,29,0,13,0,0,0,0,0,27,0,26,32,28,26,0,0,0,0,0,0,0,0,27,0,0,23,0,0,0,0,0,0,0,0,0,0,0,0,37,26,0,0,24,19,26,0,47,0,25,24,41,0,24,0,0,0,48,31,0,36,0,0,0,23,0,0,15,0,0,0,15,0,13,12,0,0,0,25,0,0,0,0,0,0,34,59,19,24,0,0,0,0,0,26,0,0,15,0,0,0
2011-01-01,35,0,0,26,12,29,54,13,0,0,0,0,0,25,24,19,24,0,0,18,0,0,0,0,0,0,27,49,35,0,34,9,0,17,22,40,19,0,26,0,0,0,0,18,0,0,0,0,26,0,34,17,0,0,0,40,0,17,0,17,0,17,34,0,26,20,0,18,25,35,19,11,0,0,0,19,0,0,18,0,0,0,18,0,43,0,0,19,0,16,26,14,17,0,0,0,0,11,0,0,0,16,0,0,0
2011-02-01,37,0,20,0,16,29,0,13,0,0,0,0,0,31,38,0,0,0,0,0,28,0,17,29,0,0,0,0,19,49,24,9,0,0,36,0,0,0,37,0,0,0,0,32,20,0,0,0,17,0,0,27,0,0,18,32,0,18,0,0,0,0,24,0,0,16,0,0,36,18,0,24,0,0,0,12,0,10,10,37,0,0,26,0,0,0,0,21,0,35,18,15,18,0,16,18,0,12,41,0,0,29,0,0,0
2011-03-01,37,0,38,0,12,43,0,0,24,0,16,0,0,31,0,0,46,0,18,0,0,0,0,0,0,0,0,45,17,0,17,0,0,0,0,0,0,0,17,21,0,0,0,27,19,0,0,0,62,0,0,0,0,18,0,0,0,0,0,0,0,0,33,0,0,37,0,17,16,0,0,22,0,0,0,26,0,0,18,0,32,49,49,17,0,0,0,19,0,24,0,14,0,0,0,0,0,11,19,0,0,11,0,0,0
2011-04-01,31,0,28,0,11,58,59,10,0,0,0,0,0,33,51,0,0,22,0,0,19,0,0,20,0,0,0,21,19,0,18,0,0,0,49,29,0,0,19,23,14,0,0,20,0,0,15,0,0,21,0,0,0,0,0,22,0,19,100,0,0,0,15,0,0,16,0,0,19,19,0,24,0,0,34,25,0,0,10,0,37,0,20,0,0,0,0,0,0,18,38,15,19,0,16,0,0,18,0,0,0,12,0,0,0
2011-05-01,53,0,0,38,15,47,0,14,0,0,16,33,0,31,23,0,23,20,38,17,17,0,0,20,0,0,0,19,34,0,17,0,48,22,33,0,18,0,26,0,13,0,0,29,0,0,0,17,15,0,0,0,0,18,0,15,36,17,0,0,0,51,19,0,51,43,0,17,17,17,0,18,0,30,0,15,22,9,9,0,49,0,61,0,0,59,0,19,0,24,25,13,17,0,0,17,26,22,0,0,0,22,0,0,0
2011-06-01,20,17,19,39,9,44,55,16,25,0,0,0,0,28,0,19,24,21,0,18,0,35,0,14,0,0,0,39,26,0,17,0,0,0,0,0,19,0,35,0,0,0,0,36,0,0,0,17,11,0,0,0,0,18,0,25,0,17,0,18,37,17,20,0,0,20,0,0,17,0,0,0,0,0,31,34,0,10,12,0,34,0,0,0,0,0,0,20,0,17,70,21,26,20,0,17,0,11,0,0,0,30,0,0,0
2011-07-01,35,0,21,0,13,57,0,21,27,0,18,0,0,20,0,21,26,23,21,0,19,0,0,15,0,0,29,0,38,0,28,10,0,19,25,29,21,0,19,0,22,0,0,30,0,0,23,19,12,21,0,57,0,20,0,17,0,19,0,19,0,19,19,0,0,22,0,0,19,0,0,12,0,34,0,33,0,25,10,38,0,0,14,0,0,0,0,0,0,18,19,0,0,0,0,19,0,19,0,0,0,28,0,0,0
2011-08-01,40,0,19,0,12,54,0,25,0,0,16,0,0,26,0,19,23,0,0,0,17,0,0,14,0,0,40,39,17,0,34,9,0,0,0,66,19,0,17,0,13,0,0,30,0,0,0,0,10,0,0,0,34,0,17,10,36,17,0,0,36,0,28,0,26,15,0,17,17,17,0,17,0,0,0,26,0,32,14,0,33,0,12,0,0,30,0,19,0,16,26,27,17,20,0,0,0,22,38,0,0,33,0,0,0
2011-09-01,61,0,19,0,16,73,0,19,49,0,0,0,0,35,71,19,24,0,0,18,0,0,16,0,0,0,0,0,17,0,17,18,49,0,23,0,19,0,0,21,27,0,0,30,0,0,14,0,11,19,0,17,0,0,0,15,0,34,0,18,0,17,26,0,26,15,0,0,0,17,0,11,0,31,0,37,0,34,24,35,67,0,18,0,0,61,0,20,0,16,23,0,34,0,0,0,0,11,19,0,0,15,29,0,0
2011-10-01,86,24,18,0,11,51,0,35,23,0,15,0,0,35,22,18,0,0,36,17,16,0,15,25,0,0,25,18,24,0,0,8,45,0,21,25,18,0,66,0,0,0,0,28,18,0,13,0,13,0,0,16,32,17,0,19,0,32,0,0,0,0,13,0,37,0,0,0,16,32,18,11,0,29,29,25,0,13,62,32,0,0,23,0,0,0,47,18,0,38,48,26,33,19,0,16,0,16,36,0,0,21,0,0,0
2011-11-01,47,0,17,0,13,43,0,9,23,0,0,0,0,31,29,53,0,19,35,0,16,0,15,0,0,47,0,36,0,0,16,16,0,16,0,25,26,0,16,0,18,0,17,33,0,0,13,16,13,0,32,16,32,0,0,9,0,63,0,0,0,16,23,0,0,18,0,16,15,21,0,15,0,0,0,31,21,9,17,0,91,47,22,16,0,0,46,18,0,20,32,38,16,45,0,16,0,41,0,0,0,15,27,0,0
2011-12-01,36,31,23,0,9,49,0,14,22,0,0,31,0,30,21,17,0,19,35,0,31,0,15,0,0,0,24,41,16,0,15,16,0,0,20,24,17,0,16,19,12,0,17,38,17,0,25,15,25,0,31,0,0,0,0,85,0,16,0,0,0,16,15,0,0,40,0,23,31,31,17,30,0,0,0,30,0,0,58,31,30,0,32,0,38,28,0,35,0,15,26,12,21,0,0,15,0,10,34,0,0,25,0,0,0
2012-01-01,53,14,32,0,15,54,0,36,0,0,0,0,0,46,33,16,19,0,0,15,0,0,20,11,0,0,0,32,14,0,14,22,0,14,25,22,32,0,24,0,0,0,0,25,0,0,17,0,26,0,0,14,0,0,0,42,31,24,0,0,0,14,21,0,22,50,0,30,14,14,0,9,0,0,38,19,19,8,19,0,28,0,15,0,0,0,0,16,0,28,33,23,15,17,0,0,0,14,16,0,16,32,24,0,0
2012-02-01,41,0,34,0,13,46,0,28,33,0,0,31,0,41,21,17,21,18,0,16,23,0,14,0,0,0,0,23,0,0,15,8,0,0,20,0,17,0,31,19,23,0,17,43,17,0,0,0,16,0,0,31,31,0,0,53,0,0,0,0,0,15,30,0,23,39,0,16,15,0,0,30,0,27,55,23,0,0,12,0,30,0,22,0,0,0,0,17,0,19,20,25,0,36,0,31,0,10,0,0,17,13,0,73,0
2012-03-01,57,15,16,23,16,70,46,22,64,0,14,0,0,35,20,0,41,18,0,15,0,0,14,12,0,0,23,45,0,0,29,8,0,0,39,0,0,0,0,19,0,0,0,26,16,0,12,0,14,0,30,15,0,16,0,17,0,15,0,0,0,22,22,0,0,43,0,0,15,0,0,26,0,27,26,26,0,0,16,0,28,0,16,15,0,26,0,0,0,21,20,12,15,0,0,0,22,19,17,0,0,16,0,0,51
2012-04-01,35,0,33,23,11,38,0,17,22,0,0,30,0,30,31,17,0,18,0,16,15,0,0,0,0,0,23,43,15,0,30,16,0,0,40,0,17,0,15,0,0,57,17,24,0,0,25,0,28,0,30,15,0,16,0,17,0,15,0,0,0,15,40,35,0,46,0,0,15,15,0,30,0,0,27,30,0,8,16,0,0,0,16,0,0,27,0,17,0,36,46,0,0,17,0,15,0,29,34,0,0,24,0,0,52
2012-05-01,56,0,24,0,19,58,0,24,21,0,14,0,0,24,20,16,0,17,0,15,15,0,27,12,100,0,22,38,22,39,19,7,0,0,25,0,32,0,37,0,17,0,0,0,0,0,12,0,18,0,0,29,29,0,29,21,0,22,0,29,0,15,40,0,0,25,0,15,28,22,0,9,0,0,26,28,0,0,8,0,28,0,10,0,0,26,0,0,0,21,15,23,15,0,0,14,0,37,16,0,0,22,0,0,0
2012-06-01,24,15,43,0,5,47,0,29,21,0,28,0,0,23,20,0,20,0,40,15,0,0,0,12,0,0,0,33,30,38,29,7,41,0,38,23,24,0,15,18,11,0,16,15,16,0,12,0,0,0,0,0,0,0,0,13,0,14,0,15,61,15,33,0,0,13,0,0,28,29,16,25,0,78,25,22,0,16,11,0,0,0,20,15,0,0,0,0,0,28,22,0,15,25,0,0,0,29,0,0,0,22,0,70,0
2012-07-01,51,16,53,0,15,62,51,18,0,0,0,32,0,28,0,0,44,19,18,0,16,0,0,0,0,48,0,37,16,0,24,25,0,0,21,25,18,0,33,0,12,0,18,45,0,0,0,24,13,18,33,16,0,17,0,38,0,0,0,24,0,16,21,0,24,28,18,17,48,16,0,14,0,29,29,18,0,18,11,0,31,0,0,0,0,58,47,0,0,31,27,13,16,0,14,32,0,21,18,0,18,57,0,0,0
2012-08-01,44,23,0,0,13,57,0,30,22,0,15,0,0,28,0,0,32,0,17,16,0,0,0,24,0,0,24,23,0,0,30,12,43,0,20,24,34,0,31,29,12,0,0,27,0,0,0,0,9,0,0,30,0,16,0,18,0,15,0,31,64,0,33,0,47,18,17,0,15,15,0,23,0,28,0,23,0,13,14,0,29,0,44,0,0,27,0,17,0,29,20,12,15,18,0,15,0,20,0,0,0,33,0,74,0
2012-09-01,50,0,28,0,11,45,0,8,0,0,0,0,0,30,21,0,20,36,17,0,0,0,0,12,0,0,23,51,15,0,15,8,0,15,0,47,41,17,46,0,0,0,17,37,17,0,18,15,12,17,30,15,0,0,0,13,0,15,0,15,0,15,33,0,23,26,0,15,22,15,0,20,26,27,27,33,0,25,21,0,29,45,22,0,0,0,0,17,0,24,15,30,30,0,0,15,0,29,34,0,0,16,0,72,0
2012-10-01,77,0,15,40,28,52,0,19,19,0,0,0,0,38,36,15,18,0,29,13,13,27,0,10,0,0,40,25,0,35,17,7,0,13,26,41,14,0,22,33,20,0,29,21,15,0,0,13,37,0,0,20,0,14,0,19,28,26,0,13,28,18,22,0,0,19,0,13,13,13,0,13,0,24,23,31,0,7,56,26,63,0,9,0,0,0,0,30,0,21,57,42,26,15,0,13,0,26,52,0,14,17,22,0,0
2012-11-01,47,13,15,0,16,42,0,20,19,56,25,0,0,44,18,30,0,16,0,14,13,0,25,11,92,0,20,50,20,0,26,7,0,0,35,41,15,0,20,17,10,0,0,35,15,0,22,13,73,15,0,13,27,14,13,15,0,13,0,0,28,20,33,0,30,12,0,14,13,27,0,23,0,24,0,32,0,7,38,0,52,0,9,14,34,0,0,38,0,13,27,32,0,38,0,13,21,17,15,0,0,17,23,0,0
2012-12-01,42,0,22,20,19,31,0,15,29,0,13,0,0,30,28,15,0,16,45,0,13,0,37,21,0,0,20,95,0,36,13,9,0,0,23,0,37,0,27,17,10,0,0,23,15,0,11,0,100,0,0,20,0,0,13,66,0,18,0,0,0,13,28,0,20,31,15,27,13,0,15,14,0,0,71,20,0,7,14,0,0,0,24,0,0,23,39,30,0,13,40,27,0,0,0,0,20,22,15,0,0,9,23,0,0
2013-01-01,57,0,34,18,14,48,0,24,26,0,0,0,0,39,17,0,17,14,27,25,18,0,23,10,0,36,19,27,0,0,12,6,0,12,40,0,0,13,25,15,9,0,13,25,14,0,10,24,32,13,24,0,0,13,0,78,0,24,0,12,51,12,24,0,18,10,14,0,20,36,0,24,21,22,0,8,0,7,26,0,23,0,9,0,0,22,0,21,0,23,28,10,0,42,0,0,19,24,14,57,0,12,0,0,0
2013-02-01,46,0,15,21,29,52,0,17,0,0,13,0,0,50,19,15,19,22,30,14,14,0,13,0,0,0,0,21,0,0,13,9,39,0,53,42,38,0,21,17,14,0,15,50,15,0,22,14,14,0,0,13,0,14,0,40,0,14,0,0,0,14,38,0,0,16,0,28,31,0,0,9,0,0,0,27,18,15,14,0,0,0,19,14,0,0,40,15,35,13,27,27,14,16,0,13,0,36,23,0,0,12,0,0,0
2013-03-01,51,12,27,18,16,41,0,22,0,0,23,0,0,41,17,34,0,29,13,0,18,24,11,10,0,0,19,21,24,0,18,12,0,12,16,28,20,0,25,15,0,0,13,25,0,0,20,0,18,0,24,12,0,13,0,18,0,12,0,12,0,12,18,0,46,42,0,12,18,16,0,20,0,44,0,34,16,7,15,0,46,0,26,16,0,0,0,14,0,23,37,39,0,28,11,0,0,16,20,0,0,13,0,0,0
2013-04-01,42,0,19,39,24,46,40,30,36,0,12,0,0,43,17,14,17,45,28,0,13,0,12,10,0,0,20,48,0,34,21,6,36,19,17,20,21,0,21,16,0,0,0,80,14,0,10,13,21,0,25,19,0,0,0,18,27,17,0,0,0,13,9,29,19,39,0,13,50,19,0,17,0,34,23,30,0,7,11,0,24,0,18,0,32,0,0,14,0,36,17,10,21,15,0,0,0,37,14,0,14,19,0,0,0
2013-05-01,34,0,22,64,18,54,0,26,0,51,11,24,0,39,0,13,16,29,0,12,18,24,0,0,0,0,28,27,12,0,20,6,0,12,16,19,13,0,24,15,9,0,0,33,0,0,10,12,10,0,0,24,0,13,0,31,0,16,0,12,0,30,14,0,27,16,0,0,24,12,0,16,0,22,32,29,0,13,6,0,23,0,17,0,0,21,0,20,0,57,24,14,24,28,0,12,0,62,13,0,0,31,0,0,0
2013-06-01,38,0,19,58,28,40,0,21,18,53,12,25,0,40,18,0,26,15,14,13,17,0,12,15,0,0,20,14,19,34,33,0,36,0,17,20,14,0,32,16,10,0,14,53,0,0,10,13,8,0,26,25,0,0,0,15,0,13,0,13,27,19,19,0,0,37,0,0,25,19,0,25,0,23,23,42,0,7,14,0,62,0,23,0,0,23,0,0,0,43,21,10,26,15,0,13,0,33,14,0,14,60,0,0,0
2013-07-01,35,14,31,21,22,61,0,23,20,59,14,0,0,39,0,0,39,0,16,22,14,0,13,15,0,0,22,32,43,0,21,7,0,0,18,0,0,0,29,18,0,0,16,29,0,0,11,21,26,0,28,21,0,0,14,16,30,21,0,36,30,38,28,0,21,20,16,14,14,14,0,22,0,25,25,37,0,8,7,0,0,0,30,14,35,25,0,16,0,27,14,0,21,32,0,0,0,46,16,0,0,33,0,0,0
2013-08-01,40,13,15,0,22,88,42,20,0,56,13,27,0,37,0,0,0,16,15,0,22,0,0,0,0,0,21,35,13,0,40,16,0,13,47,41,29,0,14,17,10,0,0,47,0,0,11,13,16,15,27,20,27,0,0,12,28,13,70,20,0,0,15,0,20,23,15,0,20,20,0,17,0,36,24,38,0,17,14,0,26,0,29,0,0,24,0,35,0,13,31,32,14,38,12,0,0,13,0,0,0,51,23,63,46
2013-09-01,66,13,33,29,14,46,40,33,18,0,12,25,0,45,26,0,17,15,14,0,26,0,0,10,0,0,0,29,19,0,34,0,36,12,33,20,0,0,13,16,15,0,21,49,14,0,10,25,18,0,26,13,0,13,0,19,0,19,0,13,27,13,16,0,59,18,0,33,38,13,0,21,0,45,23,39,0,38,27,26,61,0,18,13,0,23,0,14,0,24,43,36,32,15,0,0,0,41,0,0,14,19,0,0,0
2013-10-01,71,0,13,18,25,49,37,10,22,0,11,0,0,47,24,13,16,14,26,0,18,0,33,9,0,0,18,33,0,0,11,8,33,12,46,18,26,0,12,15,18,0,13,16,0,0,29,12,12,13,23,17,0,0,0,10,0,24,0,0,25,0,19,0,0,25,0,18,12,18,0,18,0,43,0,28,0,23,83,24,23,0,17,12,0,0,34,18,0,17,23,37,12,34,10,23,18,8,0,28,0,23,0,0,0
2013-11-01,71,0,13,0,24,57,0,27,17,0,0,24,0,44,25,27,17,14,20,31,12,24,28,0,0,0,0,23,12,0,47,10,0,12,16,19,27,0,16,0,9,0,13,30,14,0,13,12,7,13,24,0,0,0,0,28,0,24,0,12,0,12,18,0,37,21,0,24,12,16,0,8,0,0,21,45,0,7,36,24,35,35,22,37,0,0,0,34,0,12,36,63,37,42,10,12,19,12,27,57,0,15,20,0,41
2013-12-01,46,12,31,18,23,51,0,10,17,51,12,24,0,32,17,14,0,19,40,12,24,0,45,10,0,0,37,64,18,0,12,12,0,0,32,0,13,0,18,15,9,0,13,34,13,0,23,0,54,13,49,36,24,0,0,67,0,12,0,0,0,24,26,28,18,36,0,25,12,12,0,13,0,0,21,29,0,7,15,24,0,0,9,12,30,22,0,41,0,27,42,24,0,42,0,18,0,31,82,28,0,31,20,0,0
2014-01-01,42,12,19,17,27,59,54,34,16,48,16,23,0,41,16,13,16,21,0,18,23,0,54,27,0,0,18,22,15,30,22,12,0,11,15,35,25,0,31,57,9,0,13,28,13,0,28,23,31,12,23,45,23,18,0,60,0,23,0,0,24,23,25,0,17,30,0,12,19,11,12,19,0,21,20,32,0,10,12,0,22,0,0,12,0,0,0,22,0,18,38,23,17,26,0,11,0,26,26,0,0,10,0,0,0
2014-02-01,32,0,15,0,30,46,0,17,0,0,13,0,0,41,37,23,18,16,30,0,20,0,13,11,0,0,41,15,27,0,22,14,38,0,35,21,22,0,27,17,16,52,15,38,0,43,25,0,12,0,0,0,0,0,0,27,0,13,0,0,0,27,16,0,72,19,0,14,26,27,0,15,0,24,36,32,0,7,17,0,26,0,19,14,34,48,0,15,0,21,34,16,14,77,0,13,0,26,30,0,0,17,23,65,46
2014-03-01,45,13,15,41,29,50,0,27,19,57,13,0,0,44,37,30,46,0,30,23,27,0,13,11,0,40,21,15,27,0,27,7,0,27,29,0,15,0,27,17,21,52,30,61,15,0,16,14,25,0,0,27,0,0,0,28,0,20,0,0,0,0,7,0,52,18,0,0,27,14,0,13,0,24,40,30,0,7,17,0,26,0,19,0,0,24,0,15,0,17,14,22,27,31,12,13,21,35,15,0,15,26,23,64,0
2014-04-01,55,14,47,65,30,66,45,29,20,0,27,57,0,33,20,16,39,0,0,15,14,29,13,0,0,0,0,32,29,0,21,10,81,0,19,0,0,0,43,36,0,0,31,52,0,0,12,14,26,0,0,0,0,15,14,25,0,14,0,0,0,22,28,0,22,25,16,15,23,14,0,19,0,0,0,25,0,16,10,0,0,42,20,22,36,0,42,24,0,27,43,29,14,0,12,0,0,37,16,33,0,27,0,0,0
2014-05-01,35,14,15,53,51,53,0,28,20,0,27,28,0,39,0,16,58,17,0,22,28,0,0,11,0,0,22,32,0,0,23,14,0,14,0,43,23,0,14,18,0,0,15,37,0,0,11,21,20,15,0,14,0,0,35,33,0,33,0,14,0,28,9,0,0,24,16,14,32,28,0,18,0,26,25,40,0,0,7,0,27,0,25,14,0,25,0,26,0,40,21,23,29,32,0,0,22,36,31,0,0,63,24,0,0
2014-06-01,32,32,35,74,30,65,51,31,46,68,15,0,0,37,22,0,29,19,27,16,16,0,15,13,0,0,25,30,25,0,40,0,0,16,21,0,36,0,22,0,12,0,18,34,0,0,13,32,13,0,65,16,0,0,16,19,0,16,0,16,34,0,16,0,24,14,18,16,24,16,0,18,0,0,0,35,0,18,17,0,0,0,12,16,0,29,0,24,0,36,16,19,16,47,0,0,0,47,36,0,0,31,0,0,0
2014-07-01,44,18,39,27,35,54,0,19,25,74,17,35,100,37,0,20,24,0,39,18,27,0,0,14,0,0,40,20,36,0,35,9,50,0,46,27,39,0,18,0,13,0,0,43,20,55,43,0,21,0,0,44,0,0,0,20,0,0,0,18,0,24,14,0,0,31,0,18,17,18,0,23,0,32,32,42,0,19,14,0,51,0,31,0,0,0,0,20,0,34,41,35,18,20,0,18,0,23,19,0,0,53,0,0,0
2014-08-01,61,0,0,39,15,44,0,38,25,0,16,34,0,31,0,19,36,41,0,18,35,0,16,14,0,0,26,29,35,46,43,9,0,17,23,0,48,0,0,22,20,0,0,60,0,0,14,35,10,19,0,26,0,18,0,30,37,26,0,18,36,17,17,0,53,25,0,0,17,86,0,11,0,31,0,23,0,48,21,0,33,51,18,0,0,31,50,20,0,27,35,28,17,79,0,0,0,17,29,0,0,37,0,0,0
2014-09-01,83,17,37,0,23,54,52,27,0,0,0,100,0,46,23,38,23,20,0,0,17,0,15,0,0,0,26,19,0,0,25,25,0,0,22,0,36,18,51,0,0,0,0,69,0,0,27,0,10,0,0,17,0,17,0,19,36,33,86,22,0,66,16,0,26,14,0,0,33,25,0,22,0,0,0,47,0,31,29,34,31,100,47,17,0,0,0,19,43,58,28,47,0,19,0,0,0,38,28,0,18,28,0,80,0
2014-10-01,60,16,34,24,24,41,0,26,33,0,0,31,0,44,21,26,21,37,0,32,16,0,44,0,0,0,24,18,0,42,26,12,44,15,20,36,0,0,24,0,16,0,17,27,35,0,72,16,13,0,0,15,0,0,0,18,0,16,0,0,33,24,13,0,47,34,0,16,31,16,0,20,0,28,56,48,0,9,63,31,45,0,17,16,39,0,45,35,0,30,52,63,16,36,0,15,0,30,35,0,0,20,26,0,0
2014-11-01,47,16,29,24,26,57,0,14,22,0,0,0,0,46,21,17,21,37,17,16,24,0,29,0,0,47,0,47,16,0,23,8,0,15,27,24,17,0,32,19,12,0,17,43,0,0,46,16,9,0,0,15,0,33,16,36,0,15,0,0,0,24,15,0,47,22,17,0,31,21,0,27,0,0,0,51,0,9,33,0,0,0,22,16,0,0,0,18,0,15,47,100,16,36,0,0,0,20,52,37,17,30,26,0,0
2014-12-01,46,32,71,0,21,58,0,32,46,0,0,32,0,40,0,0,22,29,18,33,0,0,30,13,0,0,25,18,33,0,32,12,0,0,31,25,44,0,33,20,19,0,18,50,0,0,35,16,29,0,32,16,0,0,0,60,34,0,0,0,34,27,32,0,49,32,0,33,32,16,0,26,27,29,43,56,0,0,17,0,31,0,0,32,0,0,0,27,0,51,43,32,27,55,0,16,0,10,72,0,35,10,27,0,0
2015-01-01,56,30,56,35,32,68,0,25,22,0,14,30,0,50,0,34,21,0,0,0,15,0,14,0,0,0,23,34,15,0,22,8,0,0,20,23,0,0,15,0,23,0,25,32,51,0,33,15,31,0,0,30,0,0,0,62,0,15,0,0,32,15,20,0,46,26,0,0,15,25,0,26,0,27,27,36,0,0,13,61,0,0,11,0,0,0,0,17,0,34,35,43,0,35,0,30,0,29,17,36,0,45,0,0,52
2015-02-01,45,0,37,0,38,67,0,22,24,71,0,0,0,44,31,57,23,20,19,35,17,0,16,13,0,0,0,57,23,45,28,12,48,17,44,26,56,0,29,0,0,0,19,24,0,0,37,17,26,0,34,17,0,18,0,39,0,25,0,0,0,0,22,0,51,22,0,17,25,0,0,18,28,0,30,29,0,0,9,0,32,0,12,0,0,0,0,29,0,40,40,27,17,39,0,0,0,22,19,0,19,16,0,0,0
2015-03-01,61,0,28,0,57,68,0,25,22,0,29,30,0,56,42,51,21,18,25,16,0,0,28,18,0,0,23,17,39,61,30,8,0,15,60,24,33,0,39,19,12,0,17,39,0,48,25,15,34,17,0,0,31,0,0,18,0,15,79,0,32,15,17,0,46,35,0,0,15,23,0,13,0,27,55,53,0,8,12,0,0,0,11,15,0,27,44,57,0,43,40,18,0,44,0,15,0,54,68,36,0,29,26,0,52
2015-04-01,42,17,28,38,63,67,0,34,0,0,16,34,0,49,46,19,46,20,37,34,17,34,16,13,0,0,26,19,17,89,33,13,47,16,22,26,27,0,17,21,13,0,37,61,0,53,47,17,30,18,0,33,34,18,0,10,0,50,0,0,35,17,16,0,25,58,0,17,33,0,0,22,0,0,30,33,0,0,13,0,64,0,12,25,42,0,0,28,0,37,17,33,34,38,0,0,0,16,19,0,18,36,28,0,0
2015-05-01,32,24,35,60,39,70,50,35,45,66,30,0,0,41,0,0,29,0,0,40,63,0,0,0,0,0,0,18,32,0,39,8,44,31,21,0,35,0,21,0,12,0,17,25,0,50,19,0,29,17,32,16,32,17,16,41,0,16,0,16,0,21,23,37,24,32,0,0,41,32,0,21,0,28,84,51,0,0,12,32,0,0,11,32,0,56,0,18,0,55,16,19,48,45,0,0,24,20,0,0,0,37,27,0,0
2015-06-01,56,24,44,37,57,65,0,26,23,0,15,32,0,30,44,0,66,19,36,49,0,0,15,38,0,48,25,36,16,43,16,11,0,0,31,25,44,0,16,20,12,61,35,42,0,0,13,16,20,0,0,16,0,0,0,23,0,16,0,24,0,16,8,0,0,28,18,16,39,16,0,38,0,29,28,28,0,9,8,0,31,0,23,24,0,29,0,18,0,30,37,13,16,37,0,32,0,31,18,0,18,55,0,76,0
2015-07-01,64,17,38,0,47,78,0,22,25,0,17,0,0,50,24,19,24,31,19,27,0,0,16,14,0,0,27,39,88,0,34,13,0,17,45,40,29,0,18,22,13,0,19,73,0,55,37,52,28,0,0,17,0,0,0,10,0,26,0,18,37,26,26,0,26,23,0,18,17,17,0,26,0,62,31,38,0,10,18,0,34,77,31,0,0,0,0,20,0,39,35,28,0,40,0,0,0,40,0,0,19,89,0,83,0
2015-08-01,34,17,19,0,34,100,54,44,25,71,16,34,0,50,0,19,47,0,19,35,34,0,16,14,0,0,52,0,35,90,22,9,0,0,33,26,0,0,46,21,26,0,19,65,0,0,41,17,16,0,34,17,0,0,17,10,0,17,89,29,0,17,34,40,0,39,0,17,22,17,0,44,0,31,30,44,0,9,9,0,98,50,24,17,0,30,0,0,0,32,26,20,0,20,0,17,0,33,19,0,0,40,0,81,58
2015-09-01,51,16,36,25,44,68,0,9,0,0,15,0,0,44,22,0,22,19,18,0,25,33,23,13,0,0,25,27,24,43,27,14,46,0,21,50,0,0,0,41,25,62,35,39,0,0,46,0,30,0,0,0,32,17,0,28,0,22,0,22,34,24,19,0,25,14,0,0,32,16,0,11,0,29,0,64,0,9,17,0,63,0,35,0,0,29,0,18,0,23,16,20,0,28,0,0,25,32,18,0,0,24,0,0,0
2015-10-01,80,16,34,23,49,84,0,40,44,0,15,93,0,55,42,26,32,0,34,32,31,0,51,24,0,0,24,17,23,41,35,12,44,15,81,48,17,0,31,19,18,0,0,38,0,0,54,16,13,0,0,15,0,0,15,45,33,21,0,0,0,15,15,0,47,31,0,16,45,15,0,15,0,0,28,40,0,17,71,31,30,0,77,0,0,27,45,44,0,29,62,99,15,88,0,0,24,20,34,36,0,16,26,0,0
2015-11-01,38,0,18,0,46,42,0,53,46,0,0,0,0,51,45,18,33,0,36,25,49,33,38,0,0,0,25,18,33,0,26,11,46,40,35,0,18,0,65,40,12,0,18,42,18,0,100,0,25,0,0,48,0,17,0,37,34,0,0,0,34,22,13,0,49,37,0,16,32,16,0,18,0,58,29,52,0,9,40,0,31,0,34,0,0,0,0,27,0,41,32,84,0,46,0,16,0,26,27,0,0,24,54,0,0
2015-12-01,92,17,28,0,49,62,0,18,24,71,16,34,0,43,0,19,23,20,37,17,0,0,48,0,0,0,26,47,17,0,22,13,47,33,44,0,18,0,23,21,0,0,0,41,0,0,68,17,51,0,34,33,0,0,0,68,0,25,0,17,35,17,22,0,51,48,0,17,17,17,0,27,0,61,30,51,0,9,32,0,32,50,12,0,0,0,49,38,0,32,56,67,0,38,15,17,0,38,28,39,18,21,28,0,0
2016-01-01,61,23,25,17,52,66,0,41,16,48,0,0,0,62,0,13,16,18,25,12,30,0,21,9,0,0,17,38,17,0,15,12,0,11,15,35,37,0,23,0,9,0,0,20,0,0,46,11,28,0,34,45,23,12,11,53,0,11,0,0,0,17,17,26,34,49,13,0,19,15,0,37,0,0,20,35,0,13,14,23,65,0,36,0,0,20,0,25,0,32,68,54,0,33,0,0,0,44,19,26,0,22,0,0,0
2016-02-01,46,24,40,18,61,74,38,24,26,50,0,24,0,59,16,13,49,14,20,16,12,0,11,10,0,36,46,27,24,32,16,10,0,12,26,0,53,0,24,15,19,0,33,38,27,0,58,12,22,26,48,24,36,0,12,52,0,18,0,0,25,12,20,0,18,31,14,12,28,36,0,39,0,22,36,39,0,7,19,0,23,0,21,12,31,0,0,23,0,19,40,29,18,55,0,0,0,39,20,0,0,20,41,57,0
2016-03-01,53,0,13,17,62,60,0,36,0,0,11,0,0,60,26,19,0,14,19,23,11,0,38,9,0,34,18,13,17,0,49,15,32,11,60,35,31,0,29,14,9,0,13,28,19,0,40,11,37,0,23,17,23,12,0,17,24,15,0,0,24,19,15,0,26,25,13,0,30,23,0,27,0,0,20,30,0,19,16,23,22,0,16,0,0,0,0,32,0,29,76,27,29,66,0,0,0,22,32,0,0,15,0,54,39
2016-04-01,64,24,48,36,73,82,38,28,34,0,0,24,0,54,0,13,24,14,39,18,28,0,11,9,0,0,18,14,12,0,27,9,0,12,31,0,13,13,20,0,18,0,13,46,0,0,23,12,24,26,0,47,0,0,12,17,0,24,0,12,50,24,21,0,18,31,0,0,12,30,0,23,0,32,0,42,0,7,9,0,46,0,21,12,30,0,0,13,0,46,24,19,18,48,0,12,0,31,13,0,0,25,20,0,41
2016-05-01,58,12,34,53,65,61,0,43,33,0,11,0,0,48,0,13,32,14,0,24,20,0,33,14,0,0,36,13,20,31,19,10,0,0,46,0,13,13,30,29,27,0,13,32,0,37,38,17,26,0,0,17,23,0,12,27,0,27,0,16,24,12,17,27,18,34,13,12,23,18,0,25,0,28,21,46,0,0,6,0,45,34,42,24,0,21,0,13,0,44,19,9,51,40,0,0,0,38,0,0,0,72,0,0,0
2016-06-01,51,23,21,72,76,71,37,41,17,49,0,23,0,50,32,20,43,14,26,24,16,0,11,9,0,35,27,33,32,0,27,6,0,19,15,18,26,0,28,37,9,0,13,55,0,37,28,12,36,0,0,41,0,0,0,14,25,12,0,12,24,16,11,0,18,37,13,0,27,23,0,15,0,21,21,31,0,6,19,0,23,0,21,12,0,31,0,13,0,44,31,19,23,20,0,12,0,49,20,0,0,60,0,0,0
2016-07-01,29,0,32,0,86,56,0,24,20,0,14,0,0,44,20,16,39,0,24,15,14,0,0,19,0,0,33,16,29,38,28,11,0,0,31,22,16,0,34,18,11,0,16,67,0,0,23,14,13,16,29,28,29,15,0,41,0,24,0,15,0,14,7,33,22,25,0,15,35,14,0,34,0,0,51,50,0,11,10,0,28,0,20,0,0,26,42,32,0,18,24,34,14,16,0,0,0,42,16,0,16,73,0,0,0
2016-08-01,33,14,31,21,53,59,0,36,20,59,0,28,0,36,0,0,51,33,15,14,28,0,13,11,0,0,21,16,47,0,32,14,0,0,30,22,15,0,21,18,16,0,0,39,16,0,23,0,11,15,28,28,28,0,0,8,30,14,0,28,0,28,14,0,0,30,16,14,32,14,0,46,0,38,33,36,0,8,20,0,81,0,10,14,0,0,0,16,0,22,23,34,0,48,0,0,0,45,47,33,0,59,0,67,0
2016-09-01,50,0,22,0,59,59,0,25,39,0,0,0,0,60,19,0,46,0,0,0,20,27,19,11,0,41,31,15,21,0,27,12,0,0,27,0,15,0,18,0,17,0,15,14,15,0,16,0,25,0,0,68,0,14,0,27,0,20,0,21,0,14,10,31,20,27,0,28,18,27,0,27,0,73,24,35,0,15,33,0,78,40,34,0,34,0,0,15,0,34,14,38,14,46,0,0,21,35,15,0,0,40,23,0,0
2016-10-01,78,25,21,0,40,61,0,23,18,53,12,25,0,74,35,21,0,15,14,26,13,25,36,0,0,0,20,19,21,34,56,10,36,0,27,20,14,0,17,16,10,0,14,40,0,0,68,25,23,14,0,0,51,13,0,26,0,21,0,0,27,13,12,0,19,29,0,19,21,19,0,58,0,23,45,66,0,7,87,0,48,0,18,13,32,0,0,29,0,60,42,56,13,58,0,0,0,29,21,0,0,16,0,0,0
2016-11-01,89,12,27,19,45,72,0,32,27,0,12,25,0,68,17,14,34,22,41,32,13,0,41,10,0,37,19,14,38,33,33,19,0,0,22,19,14,0,19,0,29,0,14,39,0,0,34,12,18,14,0,25,25,13,0,11,0,12,0,13,26,19,20,0,47,36,0,13,33,17,0,24,0,22,55,38,0,10,39,25,36,0,27,0,31,22,0,28,0,47,54,65,13,100,0,0,0,20,28,0,0,12,0,0,0
2016-12-01,79,12,20,0,69,58,0,35,0,0,12,24,69,55,22,0,17,22,13,25,0,0,45,10,0,0,19,34,16,0,36,22,0,12,26,19,13,0,25,15,19,46,13,34,0,0,52,0,37,27,37,30,0,13,12,74,0,32,0,0,34,28,26,0,37,38,0,12,32,28,0,58,0,22,22,53,0,20,19,25,0,0,26,0,61,0,35,27,0,31,89,44,0,83,0,12,0,36,20,29,13,23,20,0,0
2017-01-01,38,0,29,52,67,58,0,46,24,48,11,0,0,68,23,13,15,20,25,35,23,23,27,9,0,0,35,51,19,0,30,17,0,11,39,35,19,0,40,14,15,0,25,32,0,0,52,23,41,13,0,39,0,24,0,53,0,19,0,12,24,11,13,0,78,36,0,12,30,17,0,40,0,0,20,45,15,13,20,0,44,34,16,11,0,0,33,13,29,36,68,55,0,92,0,0,0,33,38,0,19,47,29,54,0
2017-02-01,64,12,27,19,69,74,0,41,18,0,12,0,0,70,28,42,0,22,0,30,19,0,12,20,0,0,32,19,25,0,16,6,0,0,32,0,21,0,29,0,13,47,14,43,14,0,54,19,28,0,37,25,0,0,25,50,0,19,0,0,26,13,18,0,38,36,14,13,29,0,0,24,0,22,33,30,0,7,26,0,72,0,35,0,0,0,0,28,0,24,58,30,13,43,0,12,0,32,14,0,0,24,0,0,0
2017-03-01,41,11,33,0,78,65,35,49,16,0,22,23,0,65,23,13,23,20,12,35,19,0,16,9,0,34,17,25,28,30,26,15,32,0,39,17,25,0,42,28,12,0,16,43,19,0,21,11,25,12,23,11,23,0,0,13,0,22,0,11,0,19,13,26,42,68,13,23,26,11,0,29,0,20,20,63,0,9,12,0,22,0,20,11,28,0,0,13,29,36,26,31,23,51,0,17,17,33,19,0,25,31,0,0,38
2017-04-01,49,12,27,37,100,47,0,27,17,0,12,49,0,58,17,14,33,15,20,17,24,0,28,0,0,0,19,41,18,0,24,9,0,12,16,19,40,0,25,15,16,0,27,46,0,0,29,12,17,0,24,18,0,13,12,14,0,18,0,12,0,12,10,28,18,87,0,0,30,18,0,32,0,22,22,40,0,11,24,0,24,0,22,0,0,22,0,14,0,35,36,29,24,42,0,0,0,24,27,0,13,28,0,58,0
2017-05-01,48,11,30,53,93,61,0,40,16,0,11,0,0,70,31,52,63,14,19,24,18,0,22,18,0,35,18,22,29,0,38,6,32,0,45,0,25,0,36,29,27,0,13,32,0,0,12,15,33,13,47,29,23,0,0,27,24,34,62,12,24,19,9,0,44,100,0,12,29,35,0,40,0,21,21,38,0,0,18,0,22,0,21,12,29,31,33,13,30,37,40,37,35,53,0,11,18,86,51,0,13,62,19,0,0
2017-06-01,58,16,20,36,62,69,0,24,17,100,11,0,0,67,0,0,33,14,13,37,16,48,0,19,0,36,18,20,28,32,53,14,0,0,47,19,65,0,32,15,14,0,20,37,0,0,16,24,24,0,24,24,0,13,0,24,0,20,0,24,25,32,12,0,18,62,13,12,31,12,0,26,0,43,43,31,0,10,17,0,23,35,34,12,0,21,0,13,0,51,24,29,20,41,0,12,18,46,27,0,13,89,0,0,0
2017-07-01,37,13,14,29,64,53,0,55,0,54,19,0,0,50,18,0,47,15,14,20,13,0,18,10,0,0,20,15,17,52,42,11,37,0,25,40,28,0,13,16,20,49,14,27,0,0,42,26,26,0,26,32,0,0,13,15,0,19,0,31,0,26,10,0,20,67,14,13,32,19,0,34,0,46,46,42,0,7,7,0,100,0,32,13,0,23,0,15,33,37,32,21,20,15,0,0,0,13,14,0,14,77,22,0,44
2017-08-01,39,16,13,0,68,52,37,43,17,49,11,0,0,58,40,13,32,0,13,18,0,0,0,9,0,0,18,20,28,31,46,12,50,12,20,36,32,0,20,15,18,0,19,37,13,0,41,12,33,0,0,17,24,0,12,20,0,18,0,28,25,24,9,0,18,51,0,12,23,24,0,33,0,28,42,31,0,17,19,0,45,0,17,12,59,0,0,20,30,41,27,28,0,20,0,0,18,68,0,0,0,55,0,0,40
2017-09-01,53,24,52,18,51,44,0,45,34,0,11,24,0,71,24,0,16,14,32,18,28,0,11,19,0,0,18,67,36,0,35,12,0,0,36,18,26,0,12,15,9,0,13,41,0,0,57,12,14,0,24,17,0,12,0,24,0,12,62,18,37,18,12,0,18,31,13,0,35,24,13,31,0,63,21,33,0,17,41,24,34,0,46,12,0,21,34,13,30,45,23,47,18,54,10,0,0,30,20,0,0,48,0,0,0
2017-10-01,63,32,30,16,60,52,0,44,16,0,21,0,0,77,35,48,30,13,12,22,11,0,72,17,0,0,17,29,11,0,39,11,0,11,33,17,42,0,11,0,8,0,24,26,0,0,82,16,26,0,22,32,22,11,0,19,23,38,0,22,0,16,12,0,25,38,12,11,25,27,0,28,0,26,19,35,0,18,92,0,31,0,31,22,0,0,0,20,28,45,62,30,11,50,10,11,0,21,61,0,0,25,0,52,0
2017-11-01,48,11,73,17,39,60,34,30,0,0,10,0,0,82,25,18,15,13,24,28,22,22,36,9,0,33,17,17,15,0,40,8,31,14,43,17,12,0,15,28,17,0,12,23,24,0,47,11,40,12,22,33,0,12,0,10,0,44,58,0,23,29,16,0,25,35,0,11,18,11,0,38,0,20,39,60,0,6,41,0,63,0,31,11,27,29,0,12,28,31,80,35,0,50,10,0,17,35,25,0,12,7,56,53,0
2017-12-01,44,11,48,17,52,42,0,22,21,0,10,22,63,63,45,0,15,43,30,28,22,22,62,9,0,33,34,50,0,29,27,6,0,11,29,17,24,0,17,14,21,0,12,27,24,0,33,11,56,0,33,22,44,0,11,64,0,15,0,0,23,22,13,0,33,73,0,11,16,16,0,26,0,30,39,65,0,6,25,22,32,0,23,11,28,0,64,21,56,24,66,44,11,44,0,11,17,21,49,0,12,12,0,52,0
2018-01-01,74,10,41,0,60,57,0,43,15,43,13,21,0,71,21,40,14,24,23,16,15,21,34,8,0,0,24,58,42,27,37,9,29,0,20,16,45,11,21,0,28,0,11,28,23,32,50,10,37,17,21,35,21,11,0,80,0,10,54,0,32,17,25,24,31,41,0,0,20,21,0,27,0,0,18,42,0,11,13,0,0,0,11,21,26,0,30,23,26,29,55,16,21,53,0,0,16,40,23,0,0,11,0,0,0
2018-02-01,61,23,45,18,55,64,0,39,33,0,0,24,0,81,16,20,24,0,32,24,20,0,28,14,81,0,18,48,16,63,31,10,0,12,23,18,39,0,47,29,14,0,0,20,0,0,35,12,46,19,23,17,24,12,12,34,0,23,0,0,49,24,19,0,35,54,13,18,23,12,0,20,0,32,42,51,0,6,10,0,23,0,17,12,29,31,34,0,0,45,35,33,12,34,0,0,18,15,33,27,0,27,0,0,40
2018-03-01,61,10,35,24,62,43,0,38,0,44,0,0,0,100,19,12,19,31,29,21,10,0,29,8,0,0,16,41,26,0,52,16,0,15,21,16,23,0,43,20,19,0,23,40,0,0,31,10,23,0,21,21,21,11,0,24,0,26,0,0,22,11,17,0,48,48,0,16,27,16,0,30,0,38,28,55,0,6,15,0,40,0,30,0,26,0,0,24,40,33,24,42,11,36,0,10,0,37,24,24,0,20,0,0,0
2018-04-01,60,11,29,51,70,56,35,27,16,0,11,23,0,78,15,19,62,13,12,38,11,0,42,0,0,0,35,17,27,0,22,12,0,11,20,26,43,0,27,43,14,0,12,47,0,0,18,17,25,12,0,17,0,0,0,16,0,17,0,11,0,26,22,0,26,52,13,11,17,15,0,37,0,30,20,49,0,0,20,0,43,66,24,34,0,0,33,0,0,29,41,18,23,52,0,0,0,22,25,0,0,46,19,0,0
2018-05-01,31,21,23,71,89,69,33,23,15,44,0,21,0,70,14,41,29,12,23,18,21,0,0,8,0,0,32,35,18,0,38,8,0,10,27,16,23,0,28,26,8,0,12,44,12,0,17,16,32,0,21,21,0,11,32,12,22,16,0,14,33,21,15,0,16,27,0,0,27,24,0,23,0,19,19,34,0,6,28,0,30,31,30,16,26,43,46,0,0,47,70,21,11,30,0,0,16,34,12,0,11,73,0,50,0
2018-06-01,44,17,46,48,58,50,33,15,25,0,20,21,0,60,0,12,38,12,12,21,11,0,20,14,0,0,32,12,27,28,34,16,30,0,18,16,12,0,21,20,13,0,12,11,12,0,23,21,21,0,21,16,0,17,21,6,22,14,0,16,22,11,14,0,16,36,12,11,31,10,0,30,0,19,37,39,0,6,11,0,40,31,19,32,0,28,0,12,27,43,38,46,14,24,0,10,0,44,23,25,0,56,0,100,0
2018-07-01,53,15,25,17,98,57,36,23,16,48,16,23,0,54,23,19,68,0,19,12,23,23,11,21,0,0,35,52,23,31,38,12,0,11,25,18,38,0,27,0,13,0,0,28,0,0,28,12,24,0,23,40,0,12,12,40,24,30,0,17,0,19,7,0,17,23,13,12,19,23,0,42,0,21,34,30,0,29,16,0,55,0,16,12,0,0,0,13,0,27,19,9,11,20,0,11,0,33,0,0,13,100,19,0,0
2018-08-01,47,11,28,17,84,62,69,36,21,46,10,22,0,53,0,18,55,0,12,30,0,0,20,17,0,33,33,37,18,29,61,14,31,11,14,34,12,0,11,14,21,0,18,38,0,0,21,11,16,12,33,27,0,12,11,38,0,11,0,18,23,29,13,26,0,31,12,11,16,15,0,40,0,59,39,41,14,38,35,0,42,0,31,17,27,0,32,12,0,31,29,44,11,25,10,11,17,50,25,0,0,67,0,0,0
2018-09-01,69,17,50,0,53,49,0,41,32,47,16,68,0,79,31,25,38,0,12,15,15,23,26,0,0,0,34,17,11,60,22,14,31,11,24,35,25,0,40,14,17,0,12,35,0,0,48,11,23,12,22,33,0,12,0,16,0,22,0,17,24,28,9,0,17,32,12,17,22,22,0,22,0,40,20,27,0,37,33,23,65,0,28,0,28,20,0,0,0,35,37,27,11,45,0,0,0,29,0,0,0,55,19,53,38
2018-10-01,60,0,15,0,31,67,0,49,25,0,10,21,0,73,14,18,0,0,0,21,16,0,40,11,0,0,32,30,16,0,28,22,0,10,27,16,29,12,14,0,20,0,12,18,0,0,74,11,17,12,21,36,0,0,11,21,0,14,0,11,22,21,21,0,16,39,0,11,17,14,0,25,0,19,37,41,0,10,100,21,40,31,30,11,0,0,31,12,27,37,25,67,11,36,0,10,0,58,12,0,0,20,18,50,0
2018-11-01,62,11,23,16,55,58,0,25,23,44,10,0,0,74,15,18,22,0,23,22,11,21,100,8,0,0,33,20,11,0,24,7,0,21,41,16,29,0,18,27,20,0,12,26,0,34,63,32,15,12,21,32,21,0,0,25,0,14,0,11,22,11,17,0,16,15,0,11,21,21,0,14,0,29,38,51,0,6,39,64,41,0,15,11,27,19,31,24,0,44,18,56,11,37,9,0,0,35,18,0,12,14,18,0,0
2018-12-01,52,11,24,0,59,49,0,47,23,0,10,21,0,64,44,36,29,25,18,27,11,0,50,17,0,0,0,40,11,0,28,8,0,16,33,25,35,0,32,13,12,0,12,22,36,34,23,11,57,12,21,16,65,0,0,90,23,18,0,11,0,11,11,0,16,28,0,0,32,11,12,14,0,0,39,61,0,6,19,22,31,0,11,11,27,19,0,24,27,31,78,34,11,18,0,10,17,45,0,0,12,14,0,0,0
