date,Apple,Apricot,Artichoke,Asparagus,Avocado,Banana,Bean Sprouts,Beans,Beets,Blackberries,Blueberries,Bok Choy,Boniato,Broccoli,Brussels Sprouts,Cabbage,Cantaloupe,Carambola,Carrots,Cauliflower,Celery,Chayote,Cherimoya,Cherries,Coconuts,Collard Greens,Corn,Cranberries,Cucumber,Dates,Eggplant,Endive,Feijoa,Fennel,Figs,Garlic,Gooseberries,Grapefruit,Grapes,Green Beans,Green Onions,Greens,Guava,Jerusalem Artichoke,Jicama,Kale,Kohlrabi,Kumquat,Leeks,Lemons,Lettuce,Limes,Longan,Loquat,Lychee,Malanga,Mangos,Mulberries,Mushrooms,Napa,Nectarines,Okra,Onion,Oranges,Papayas,Parsnip,Passion Fruit,Peaches,Pears,Peas,Peppers,Persimmons,Pineapple,Plantains,Plums,Pomegranate,Potatoes,Prunes,Pumpkin,Quince,Radicchio,Radishes,Raisins,Raspberries,Red Cabbage,Rhubarb,Romaine Lettuce,Rutabaga,Shallots,Snow Peas,Spinach,Sprouts,Squash,Strawberries,Sweet Potato,Tangelo,Tangerines,Tomatillo,Tomato,Turnip,Watercress,Watermelon,Yams,Cassava
2005-01-01,55,0,0,0,37,66,0,0,0,0,0,0,0,66,0,0,0,0,0,0,0,0,93,100,0,0,0,0,0,0,0,0,0,0,0,0,0,0,0,0,0,0,0,0,0,0,0,50,0,0,0,0,0,0,0,0,0,0,0,0,0,0,0,73,0,0,75,0,0,53,0,0,0,0,0,0,37,0,0,0,0,0,100,0,0,0,0,0,0,0,0,0,0,0,0,0,0,0,0,0,0,68,0,0
2005-02-01,41,0,0,100,41,37,0,78,0,0,0,0,0,0,0,0,0,0,100,0,0,0,0,0,0,0,0,0,0,0,100,0,0,100,0,0,0,0,0,0,0,0,100,0,0,0,0,56,0,100,0,0,0,0,0,0,0,0,0,0,0,0,100,81,0,0,0,0,0,0,0,0,0,0,0,0,41,0,0,0,0,0,0,0,0,0,0,0,0,0,100,0,65,0,0,100,0,0,0,0,0,0,0,0
2005-03-01,35,0,0,0,0,50,0,0,0,0,0,0,0,32,0,0,0,0,0,0,0,0,0,0,0,0,0,0,0,0,0,0,0,0,100,0,0,98,100,0,0,0,0,0,0,0,0,0,0,0,0,0,0,0,100,0,0,0,0,0,0,0,0,0,0,0,73,0,0,0,0,0,0,0,0,0,0,0,0,0,0,0,0,0,0,0,0,0,0,0,0,0,0,0,0,0,0,0,0,0,0,65,0,0
2005-04-01,59,0,100,0,0,82,0,0,0,0,0,0,0,35,0,0,0,0,0,0,0,0,100,54,0,0,0,100,0,0,0,100,100,0,0,100,0,0,0,0,0,0,0,0,0,0,68,0,0,0,0,0,0,100,0,0,0,0,77,0,0,0,0,76,0,100,79,0,0,0,0,0,0,0,0,0,0,0,56,0,0,0,0,0,0,0,0,0,0,0,0,0,0,0,0,0,0,0,0,0,0,0,0,0
2005-05-01,69,0,0,0,35,62,0,66,0,0,0,0,0,31,0,0,0,0,0,0,0,0,0,0,0,0,0,87,0,0,0,0,0,0,0,88,0,0,0,0,0,0,0,0,0,0,0,0,0,0,52,0,0,0,0,0,0,0,0,0,0,0,0,0,0,0,0,0,0,0,0,0,0,0,0,0,52,0,99,0,0,0,62,0,0,0,0,0,0,0,0,0,0,0,0,0,0,0,50,0,0,64,0,0
2005-06-01,0,0,0,0,0,62,0,0,0,0,0,0,0,31,0,0,0,0,0,0,0,0,0,0,0,0,0,0,0,0,0,0,90,0,0,0,0,0,0,0,0,0,0,0,0,0,0,47,0,0,0,0,0,0,0,0,0,0,0,0,0,0,86,0,0,0,0,0,0,100,0,0,0,0,0,0,35,0,0,0,100,0,63,0,0,0,0,0,0,0,0,100,0,0,0,0,0,0,100,0,0,0,0,0
2005-07-01,37,100,94,0,74,58,0,0,0,0,0,0,0,49,0,0,0,0,0,0,0,0,0,0,0,0,0,0,0,0,0,0,0,0,0,0,0,100,0,0,0,0,0,0,0,0,64,100,0,0,0,0,100,0,51,0,100,0,0,0,0,0,91,72,0,0,0,0,0,0,0,0,0,0,100,0,0,0,0,0,0,0,0,0,0,0,0,0,0,0,0,0,0,0,0,0,0,0,0,0,0,0,0,0
2005-08-01,100,0,0,82,0,46,0,0,0,0,0,0,0,30,0,0,0,0,0,0,0,0,0,0,0,0,0,0,0,0,0,0,0,81,0,0,0,90,0,0,0,0,0,0,0,79,0,45,0,0,100,0,0,0,0,0,0,0,0,0,0,0,0,0,0,0,0,0,0,0,0,0,0,0,0,0,100,0,0,0,0,0,60,82,0,0,0,0,0,0,81,0,0,0,0,0,0,0,47,0,0,61,0,0
2005-09-01,62,0,0,0,0,93,0,0,0,0,0,0,0,28,0,0,100,0,78,0,0,0,0,43,0,0,0,0,0,0,76,0,0,0,0,0,0,0,0,0,0,0,0,0,0,0,0,43,0,0,47,0,0,0,0,0,0,0,0,0,0,0,0,0,0,0,63,0,0,0,0,0,0,0,86,0,31,0,45,0,0,0,0,0,0,0,0,0,0,0,0,0,51,0,0,0,0,0,45,0,0,0,0,0
2005-10-01,61,0,0,0,32,73,0,60,0,0,0,0,0,0,0,0,0,0,0,100,0,0,0,0,0,0,0,77,0,0,0,0,0,0,0,79,0,0,0,0,0,0,0,0,0,0,0,0,0,0,70,0,0,0,0,0,85,0,0,0,0,0,76,61,0,0,0,0,0,44,0,0,100,0,0,0,31,0,44,0,0,0,56,0,0,0,0,0,0,0,0,0,100,0,0,0,0,0,44,100,0,0,0,0
2005-11-01,29,0,0,73,0,100,0,57,0,0,0,0,0,26,0,0,0,0,0,0,0,0,74,0,0,0,0,0,100,0,0,0,0,0,0,76,0,0,82,0,0,0,0,0,0,0,0,40,0,0,0,0,0,0,0,0,80,0,0,0,0,0,0,58,0,0,60,0,0,0,0,0,0,0,81,100,59,0,64,0,0,0,53,0,0,0,0,100,0,0,0,0,0,0,0,0,0,0,0,0,0,55,0,0
2005-12-01,59,0,0,72,0,83,0,0,0,0,0,0,0,27,0,0,0,100,74,0,0,0,0,40,0,0,0,0,0,0,0,0,0,0,0,0,0,81,0,0,0,100,74,100,0,0,0,82,0,0,0,0,0,0,42,0,0,0,59,0,0,0,0,0,0,0,0,0,0,0,0,0,0,0,0,0,29,0,43,0,0,0,0,0,0,0,0,0,0,0,0,0,0,0,0,0,0,0,0,0,0,0,0,0
2006-01-01,25,0,0,61,0,54,0,48,0,0,0,100,0,22,0,0,0,0,0,54,0,0,63,34,0,0,0,0,0,0,0,0,0,0,0,64,0,0,70,0,0,0,61,0,0,0,0,0,0,0,0,0,0,0,35,0,0,0,0,0,0,0,0,0,0,0,0,0,81,0,0,0,0,0,0,0,50,0,71,0,0,0,0,0,0,100,0,0,0,0,0,0,40,0,0,0,0,0,36,0,0,0,0,0
2006-02-01,27,0,0,0,27,96,0,0,0,0,0,0,0,24,0,0,0,0,0,0,0,0,68,0,0,0,0,68,92,0,0,0,69,0,0,0,0,0,0,0,0,0,0,0,0,0,0,0,0,0,0,0,0,0,37,0,0,0,0,0,0,0,0,53,0,0,54,0,0,0,0,0,0,0,0,0,0,0,39,0,0,0,0,0,0,0,0,0,0,0,0,0,0,0,0,0,0,0,0,0,100,49,0,0
2006-03-01,35,0,0,0,24,79,0,0,0,0,0,0,0,42,0,0,0,0,0,0,0,0,0,0,0,0,0,0,0,0,57,0,0,0,0,0,0,0,0,0,0,0,0,0,100,56,41,32,0,0,0,0,64,0,33,0,64,0,0,0,0,0,0,46,0,0,0,100,0,0,0,0,0,0,0,0,0,0,34,0,0,0,0,0,0,0,0,0,0,0,0,67,0,100,0,0,0,0,0,0,0,0,100,0
2006-04-01,26,0,0,0,0,62,0,0,0,0,0,0,0,0,0,0,0,0,0,0,0,0,0,0,0,0,0,0,0,0,0,0,0,0,0,0,0,0,73,0,0,88,0,0,0,0,45,35,0,0,0,0,70,0,36,0,0,0,0,0,0,0,0,0,0,0,0,0,0,0,0,0,0,0,0,0,52,0,37,0,0,0,70,0,0,0,0,0,0,0,0,0,42,0,0,0,0,0,0,0,0,0,0,0
2006-05-01,68,0,0,56,23,68,0,89,0,0,0,0,0,0,0,60,0,0,0,0,0,0,0,31,0,0,0,0,0,0,0,0,0,0,0,0,0,62,0,0,0,0,57,0,0,0,79,31,0,0,0,0,0,0,0,0,62,0,0,0,0,0,0,0,0,0,0,0,0,0,0,0,37,0,0,0,23,0,33,0,0,0,0,0,0,0,0,0,0,100,0,64,0,48,0,0,0,0,33,0,0,0,0,0
2006-06-01,25,68,0,0,25,74,0,48,0,0,100,0,0,22,0,0,0,0,0,0,0,0,0,34,0,0,0,62,0,0,59,0,0,0,0,0,0,0,0,0,0,0,0,0,0,0,43,34,0,0,0,0,0,63,0,0,0,0,0,0,0,0,0,0,0,0,100,0,0,36,0,0,41,0,68,0,0,0,36,0,0,0,0,0,0,0,0,84,0,0,0,70,0,0,0,0,0,0,0,0,0,0,0,0
2006-07-01,39,0,68,0,27,31,0,51,0,0,0,0,0,23,0,0,0,0,0,0,0,0,0,36,0,0,100,66,0,0,62,0,0,64,0,0,0,71,0,100,0,0,0,0,0,0,46,0,0,0,0,0,0,0,0,0,0,0,0,0,0,0,0,0,0,0,53,0,0,0,0,0,0,0,0,0,52,0,0,0,0,0,0,0,0,0,0,0,0,0,63,0,0,0,0,0,0,0,38,0,0,48,0,0
2006-08-01,43,0,0,0,22,48,0,0,0,0,0,0,0,0,0,57,70,0,0,0,0,0,0,0,0,0,0,0,0,0,0,57,56,0,60,57,0,0,61,0,0,0,0,0,0,0,38,40,0,0,0,0,0,0,0,0,59,0,42,0,0,0,0,0,0,0,44,0,70,0,53,0,0,0,60,0,33,0,31,0,0,0,39,0,0,0,0,0,0,0,0,0,35,0,0,0,0,100,31,0,81,0,0,0
2006-09-01,54,0,0,0,0,61,0,84,0,0,0,0,0,0,0,0,0,0,0,0,0,0,0,0,0,0,0,0,0,0,0,0,0,0,0,0,0,59,0,0,0,74,54,0,0,0,38,30,0,0,66,0,59,0,0,0,0,0,0,0,100,0,0,43,0,56,44,93,0,0,0,0,0,0,0,0,0,72,31,100,0,0,39,0,0,0,0,0,0,0,53,0,47,0,0,0,0,0,0,0,0,0,0,0
2006-10-01,41,55,52,0,20,40,0,0,0,0,82,0,0,18,0,0,0,0,0,0,0,0,0,0,0,0,0,0,0,0,0,0,0,0,56,0,0,0,0,0,0,0,0,0,0,0,71,0,0,0,0,0,55,0,29,0,0,0,0,0,0,0,0,0,0,0,0,0,0,29,0,0,0,0,0,0,0,0,29,94,0,0,0,100,0,0,0,0,0,0,50,58,33,0,0,0,0,0,0,0,0,37,0,0
2006-11-01,38,0,0,0,20,61,0,75,0,0,0,0,0,35,0,100,0,0,0,0,0,0,48,26,0,0,0,48,0,0,0,0,0,0,0,99,0,0,0,0,0,65,0,0,0,0,34,0,0,0,0,0,0,0,0,0,0,0,0,0,0,0,95,38,0,0,0,0,63,0,0,0,0,0,0,0,38,0,28,0,0,0,0,0,100,0,0,65,0,0,46,0,62,0,0,0,0,88,0,0,0,0,0,0
2006-12-01,41,0,53,0,0,49,0,0,0,0,0,0,0,18,0,0,0,0,0,0,0,0,0,0,0,0,0,0,0,0,0,0,0,50,0,53,0,56,0,0,0,0,0,0,0,0,36,42,0,0,31,0,0,0,0,0,0,0,81,0,0,0,51,40,0,0,42,0,0,0,0,0,34,0,0,0,0,0,0,0,0,0,0,0,0,0,100,0,0,0,50,0,33,0,56,0,0,0,30,67,0,0,0,0
2007-01-01,0,0,0,0,34,58,0,0,0,0,0,0,0,15,0,44,0,0,42,0,0,0,43,23,0,0,66,0,58,0,0,0,0,0,0,44,0,0,48,0,0,0,0,0,0,0,30,23,0,0,0,0,0,0,24,0,46,0,33,0,0,52,42,100,0,0,0,0,0,0,0,0,28,0,0,0,17,0,24,0,0,0,31,41,0,0,0,0,0,0,41,0,0,0,0,0,0,0,0,56,0,31,0,0
2007-02-01,19,0,0,0,19,59,0,0,0,0,0,0,0,17,0,0,0,0,0,0,58,0,0,0,0,0,0,0,0,0,0,0,0,0,0,0,0,51,0,0,0,0,0,0,0,0,32,64,0,0,0,0,0,0,0,0,0,0,0,0,0,0,0,92,0,0,37,0,0,0,46,0,0,0,0,0,19,0,27,0,0,0,0,0,0,0,0,0,0,0,45,0,0,0,0,0,0,0,0,0,0,0,0,0
2007-03-01,82,45,0,81,17,49,100,0,100,0,66,0,0,15,0,0,0,0,41,0,0,0,41,0,0,0,0,42,0,100,40,0,0,40,0,42,0,0,46,0,0,0,41,0,0,0,0,22,0,0,25,0,0,0,23,0,45,0,0,0,0,100,0,65,0,0,0,0,53,24,0,0,27,0,45,0,16,0,24,0,0,0,60,0,0,66,0,0,0,0,40,47,0,0,0,0,0,0,0,0,0,30,0,0
2007-04-01,18,0,0,0,18,40,0,0,0,0,0,0,0,24,0,0,0,0,0,40,0,0,0,25,0,0,0,0,0,0,0,0,47,0,0,0,0,0,0,0,0,63,0,61,0,0,32,25,0,0,42,0,0,47,0,0,0,0,0,0,0,0,0,0,0,47,37,0,0,0,0,0,0,0,0,0,28,0,0,0,0,0,0,0,0,0,0,0,0,81,44,0,0,39,0,0,0,0,26,0,0,34,0,0
2007-05-01,15,42,0,0,16,52,94,0,0,0,0,63,0,34,0,0,0,0,38,0,0,0,0,0,0,0,59,0,0,0,37,0,0,0,0,40,0,0,43,0,0,0,38,51,0,0,54,0,0,0,0,0,0,39,0,0,0,0,0,0,0,0,0,0,92,0,0,0,0,22,0,0,0,0,0,0,15,0,22,0,0,0,28,0,0,0,0,0,0,0,37,0,25,0,0,0,0,0,22,50,58,57,0,0
2007-06-01,32,0,0,0,24,47,0,0,0,0,0,0,0,14,0,0,51,0,0,0,0,0,0,0,0,0,61,0,0,0,0,41,41,0,44,0,0,0,0,60,0,0,39,0,0,0,28,21,0,0,0,0,0,0,22,0,43,0,0,0,0,0,0,0,95,0,32,0,0,23,0,0,0,0,0,0,31,0,0,0,0,0,57,0,0,64,0,54,0,0,39,0,0,34,0,0,0,0,23,0,0,0,0,0
2007-07-01,17,0,0,0,17,46,0,32,0,0,0,0,0,30,0,0,54,57,0,0,0,0,0,23,0,0,0,0,0,0,0,0,0,40,93,0,0,46,0,0,0,0,41,0,0,0,29,0,0,0,0,0,0,0,0,0,0,0,0,0,0,51,0,33,100,0,34,0,0,0,0,0,0,0,0,0,17,0,24,0,48,0,0,0,0,0,0,0,0,0,40,0,0,36,0,0,0,0,24,0,0,31,0,0
2007-08-01,15,0,0,0,23,64,0,0,0,0,0,0,0,14,0,0,0,0,0,0,0,0,0,0,0,0,0,0,0,0,37,0,0,37,0,39,0,42,0,0,0,0,0,0,0,0,40,0,0,0,0,0,0,0,0,0,0,0,0,0,0,0,38,30,0,0,31,0,100,22,0,0,0,0,42,0,15,0,22,0,0,0,28,37,0,0,0,0,100,0,55,0,25,0,0,0,0,0,22,0,0,28,65,0
2007-09-01,30,0,0,0,15,63,0,0,0,0,0,0,0,27,0,39,0,0,0,0,0,0,39,21,0,0,0,38,0,0,0,0,0,0,0,0,0,0,42,0,0,0,0,0,0,0,27,21,0,37,23,0,0,0,0,0,0,0,30,0,0,0,0,60,0,0,30,65,49,0,37,0,0,0,42,51,15,100,22,69,0,0,27,0,0,0,74,52,0,0,73,0,37,0,0,0,0,0,22,0,0,0,0,0
2007-10-01,54,0,0,0,0,43,0,52,81,0,54,0,0,12,0,0,0,0,0,0,0,0,0,18,0,0,0,34,0,0,0,0,0,0,37,0,0,0,38,0,0,0,0,0,0,0,24,0,0,0,0,0,0,0,0,0,0,0,0,0,0,0,0,53,0,35,0,0,44,0,33,0,22,0,0,0,20,0,58,93,0,0,0,0,0,0,0,0,0,0,33,0,44,29,55,0,0,0,39,87,0,0,0,0
2007-11-01,38,0,0,0,0,41,0,25,78,0,52,0,0,23,0,34,0,0,0,0,0,0,0,0,0,0,0,32,0,0,62,0,0,0,0,0,0,70,0,0,0,0,0,0,0,0,23,18,0,0,19,94,0,33,0,0,0,0,25,0,58,0,32,38,0,33,0,0,42,0,0,0,0,0,0,0,13,0,31,0,0,0,0,0,0,0,0,44,0,0,62,37,21,0,35,0,0,0,0,0,0,24,0,0
2007-12-01,29,0,75,35,24,52,0,28,0,0,0,0,0,0,0,38,47,0,36,0,0,0,36,0,0,0,0,0,0,87,35,38,0,0,0,0,0,39,0,0,0,0,0,48,0,0,0,26,0,0,0,0,39,0,20,0,0,0,0,100,0,0,0,47,85,74,29,0,0,0,0,0,24,0,0,0,14,0,21,0,0,0,26,0,0,0,0,0,0,0,0,0,0,0,0,0,0,0,21,0,0,0,0,0
2008-01-01,33,0,0,0,13,77,0,24,0,0,50,0,0,22,0,32,40,0,0,0,0,0,0,0,0,0,0,0,0,0,45,0,0,0,0,0,0,34,0,0,0,42,0,0,0,0,22,25,0,0,19,93,0,0,0,0,0,0,0,0,0,0,0,24,0,0,25,0,0,18,0,0,41,0,0,0,12,0,36,0,0,100,22,0,65,0,0,0,0,0,45,0,20,27,0,0,0,0,18,0,0,0,0,0
2008-02-01,40,0,34,0,18,63,0,26,0,97,0,0,0,18,0,0,0,45,0,28,0,0,0,18,0,0,51,33,0,0,0,0,0,0,0,0,0,72,0,0,0,45,0,0,0,0,46,72,0,0,20,0,0,0,0,0,36,0,0,0,0,0,33,52,0,0,27,0,0,0,33,0,0,0,0,45,13,0,19,0,0,0,0,0,0,0,0,0,0,0,0,0,42,28,0,0,0,0,0,0,0,0,0,0
2008-03-01,12,0,63,60,25,44,0,24,0,0,0,0,0,22,0,32,39,0,0,0,0,0,0,17,0,0,0,0,0,0,0,32,31,30,0,32,0,34,0,0,0,0,30,0,0,0,22,33,0,0,0,0,0,0,0,0,0,0,48,0,0,0,30,24,73,32,25,0,0,18,0,0,0,0,33,0,0,0,18,0,0,0,22,0,0,0,0,0,0,0,30,0,0,0,0,0,0,0,35,80,0,0,0,0
2008-04-01,32,0,31,30,12,53,0,23,0,0,0,49,0,22,0,0,0,0,0,0,0,0,0,16,0,0,46,0,41,0,29,0,0,29,0,0,0,33,0,0,0,0,30,0,0,0,21,16,0,0,18,0,0,0,0,0,33,0,0,0,0,37,30,24,0,0,24,0,0,0,0,0,20,0,33,0,12,0,0,0,0,0,22,0,0,49,0,0,0,0,0,0,0,0,0,0,0,0,0,0,0,22,0,0
2008-05-01,29,0,32,31,0,57,0,0,0,0,0,0,0,22,0,0,40,0,31,0,0,0,32,17,0,0,48,32,0,0,30,0,0,30,0,0,0,34,35,0,0,0,31,0,0,30,33,17,0,0,19,0,0,0,0,0,0,0,25,0,0,0,0,25,0,0,25,53,41,18,0,100,21,0,0,0,31,0,0,0,0,0,0,0,0,0,0,0,0,0,0,0,0,0,0,0,0,0,18,0,47,46,0,0
2008-06-01,13,36,34,33,20,47,0,51,0,0,0,0,0,0,0,0,43,0,0,0,41,0,0,18,0,0,51,0,0,0,0,0,0,0,0,34,0,0,0,0,0,0,49,0,0,0,23,18,0,0,0,0,0,0,18,0,0,0,0,0,60,0,33,26,0,0,27,0,0,0,32,0,22,0,0,0,0,0,28,0,0,0,24,0,0,0,0,0,0,0,32,0,0,28,0,0,0,0,29,43,0,25,0,0
2008-07-01,27,37,0,0,41,65,0,26,83,100,55,55,0,12,0,0,0,46,0,0,42,0,0,0,0,0,0,0,0,0,0,0,0,33,0,0,0,56,38,0,0,0,51,0,0,0,24,0,0,33,0,100,37,0,19,0,74,0,26,0,0,42,33,27,0,0,27,0,0,0,100,0,22,0,0,46,27,0,0,63,39,0,24,0,0,0,0,0,0,0,0,0,0,29,0,0,0,0,20,0,0,38,0,0
2008-08-01,19,0,0,0,26,70,0,0,0,0,53,0,0,23,0,0,42,0,0,0,0,0,0,18,0,0,0,33,0,0,0,0,0,31,36,34,0,0,37,0,0,0,0,0,0,0,0,36,0,0,20,97,0,33,18,0,0,0,0,0,0,0,0,26,0,34,0,0,0,19,0,0,32,0,0,45,20,0,19,0,0,0,24,0,0,0,0,0,0,0,32,0,0,28,0,0,0,0,0,42,0,24,0,0
2008-09-01,44,0,0,0,12,74,0,23,0,0,48,0,0,21,0,0,0,0,0,0,0,0,0,16,0,0,46,0,0,72,29,0,0,29,33,31,0,0,33,0,0,0,30,0,0,0,21,16,0,29,0,0,33,0,17,0,0,0,24,0,55,0,30,24,0,0,24,0,0,0,29,0,20,0,0,0,12,0,35,0,34,0,22,0,0,0,0,0,0,0,0,0,39,0,0,0,0,0,17,0,0,0,0,100
2008-10-01,17,30,29,0,0,40,0,22,0,0,0,0,0,10,0,29,0,38,0,0,0,0,0,0,0,0,0,0,0,0,0,0,0,0,31,0,0,0,0,0,0,0,42,0,0,27,20,0,0,0,17,83,0,0,16,0,0,0,33,0,0,0,0,22,66,29,0,0,0,0,27,0,18,0,0,39,17,0,75,52,0,0,20,0,0,0,53,0,0,0,54,0,18,0,0,0,0,0,24,0,0,41,0,0
2008-11-01,23,0,30,0,12,72,0,34,0,0,48,0,0,10,0,30,0,0,0,25,0,0,0,0,0,0,0,29,0,71,28,30,30,28,0,30,0,32,0,0,0,40,29,0,0,0,0,0,0,0,0,0,31,0,16,0,0,0,0,0,0,36,29,23,0,30,0,0,38,17,29,0,0,0,32,40,35,0,17,0,0,0,21,0,0,0,0,0,0,0,28,0,0,25,32,0,0,0,25,38,0,0,0,0
2008-12-01,24,0,0,30,12,32,0,24,0,0,0,50,0,22,0,32,0,0,0,0,0,0,0,17,0,0,0,31,0,0,30,32,0,0,34,0,0,34,0,46,0,0,30,0,52,0,0,34,0,0,37,0,0,0,34,0,33,0,0,0,0,0,30,64,72,0,0,0,0,0,0,0,20,0,0,42,12,0,18,0,71,0,22,0,0,0,0,42,80,0,30,35,0,0,34,0,0,0,18,40,0,23,0,0
2009-01-01,21,0,0,26,11,53,0,21,0,0,0,0,0,29,0,28,0,0,0,0,100,0,0,0,0,0,42,0,0,0,0,28,0,26,0,28,0,30,0,0,0,0,0,36,0,26,0,15,0,26,33,80,29,0,0,0,0,0,0,0,0,33,27,42,0,28,22,46,0,0,0,0,36,0,0,37,22,35,31,0,0,0,0,0,0,0,0,37,0,0,26,31,35,0,30,0,0,0,0,70,0,40,0,0
2009-02-01,31,32,60,28,18,39,0,22,0,0,0,0,0,16,0,30,0,0,0,0,0,0,0,0,0,0,45,29,0,0,28,30,0,0,0,0,0,0,33,0,0,39,29,0,0,0,0,16,0,0,18,0,0,0,0,0,31,0,45,0,0,0,0,45,0,0,35,0,0,17,0,0,38,0,0,0,17,0,0,0,33,0,21,0,0,0,0,39,0,51,28,0,19,0,0,0,0,0,50,0,0,0,50,0
2009-03-01,27,28,26,37,14,69,62,29,62,0,0,0,0,18,0,0,33,0,25,0,0,0,0,0,0,0,0,0,35,0,25,0,0,0,0,26,0,28,0,0,0,34,0,0,0,24,18,0,0,0,15,0,0,0,0,0,28,0,100,0,0,0,0,33,0,0,21,0,0,0,0,0,0,0,0,0,10,0,37,0,29,0,18,0,0,0,0,35,0,0,74,0,0,22,0,0,0,0,29,0,0,0,0,0
2009-04-01,23,31,29,28,15,38,0,44,0,0,0,0,0,20,68,30,0,0,0,25,0,0,29,0,0,0,0,0,0,69,28,0,0,28,0,0,0,62,0,43,0,0,0,38,0,0,20,15,0,28,17,0,31,0,16,0,31,0,0,0,0,0,0,0,69,0,47,0,37,17,0,0,19,0,0,0,11,37,41,0,0,93,21,0,0,46,0,39,0,0,37,0,0,24,0,0,0,0,16,0,0,0,0,0
2009-05-01,39,44,28,40,22,54,65,21,0,0,0,0,0,29,0,28,35,36,0,23,34,0,0,0,0,0,0,27,0,0,52,0,28,26,0,0,0,44,0,0,0,0,0,0,0,0,0,15,0,0,16,0,0,0,15,0,0,0,21,0,99,33,27,32,0,0,33,0,0,0,0,0,18,0,0,0,11,0,31,0,31,0,19,0,0,0,0,37,0,0,52,0,18,35,30,0,0,0,16,35,0,100,0,0
2009-06-01,39,0,28,26,22,56,0,21,0,0,0,43,0,38,0,0,34,0,0,0,0,0,0,22,0,0,0,0,37,0,0,0,0,26,0,28,0,0,0,0,0,0,0,0,0,0,19,0,0,26,16,0,29,0,0,0,0,0,0,0,49,33,27,21,0,0,33,0,0,0,0,0,36,0,0,0,11,0,15,0,0,0,0,0,0,43,0,0,0,0,26,0,17,23,0,0,0,49,15,35,0,0,0,0
2009-07-01,19,31,29,0,0,50,0,22,0,0,0,46,0,20,0,0,37,0,28,25,71,100,0,0,0,0,0,29,39,0,0,0,0,28,0,29,0,31,0,44,0,0,0,0,0,0,40,32,0,0,0,0,0,0,0,0,0,0,0,0,53,0,0,22,68,0,0,49,0,0,0,0,19,0,0,39,34,0,17,0,0,0,21,0,0,46,0,39,0,0,28,0,0,0,0,0,0,0,25,0,0,21,0,0
2009-08-01,29,60,0,0,19,37,0,21,0,0,0,0,0,15,0,29,0,0,0,24,0,0,0,15,0,0,0,0,38,0,27,0,28,0,30,28,0,0,31,0,0,37,0,0,0,26,38,15,0,0,17,0,30,28,0,0,0,0,0,0,51,34,0,22,0,0,0,0,0,24,0,0,18,0,30,0,22,36,0,0,0,0,20,0,0,0,0,37,72,0,27,32,18,24,0,0,0,0,16,36,0,30,0,0
2009-09-01,48,0,27,0,16,35,0,100,0,0,0,0,0,23,62,27,0,35,0,22,0,0,26,0,0,0,0,0,0,63,25,40,0,25,57,27,0,0,29,79,0,35,52,0,0,0,18,19,94,0,0,0,0,0,0,0,0,0,0,0,0,0,26,20,0,0,21,0,0,15,0,0,17,0,0,0,21,34,37,48,0,0,18,0,0,0,0,0,0,0,42,0,17,0,28,0,0,0,30,33,0,19,0,0
2009-10-01,49,27,0,0,10,35,0,19,0,0,0,0,0,26,0,26,0,34,0,0,0,0,25,0,0,0,38,50,0,0,0,0,25,24,27,26,0,27,0,0,0,0,0,0,0,0,35,0,0,0,0,0,0,0,0,0,27,0,0,0,0,0,24,26,0,0,30,0,32,14,24,0,16,0,0,0,20,65,43,91,0,0,53,0,52,0,0,0,0,0,0,28,40,0,27,0,0,0,0,32,0,36,0,0
2009-11-01,16,0,25,0,10,50,0,19,0,0,0,0,0,17,0,38,0,33,0,0,0,0,0,0,0,0,0,24,33,0,35,0,25,0,27,25,0,26,27,37,0,0,24,0,0,0,25,31,87,0,30,0,0,0,0,0,26,0,0,0,0,0,48,19,0,0,0,0,0,14,24,0,0,0,0,0,29,0,33,0,0,0,18,24,51,0,0,0,0,42,24,83,16,21,27,0,0,0,14,32,0,18,0,0
2009-12-01,31,0,27,0,21,49,0,40,0,0,0,0,0,23,0,0,33,0,0,0,32,90,0,14,0,0,40,26,35,0,25,27,0,25,0,0,0,28,29,39,0,0,26,0,0,0,18,14,0,0,0,0,0,0,0,0,0,0,0,0,0,31,26,41,0,27,21,0,0,15,0,0,0,0,0,35,21,0,22,47,0,0,37,0,54,0,0,0,0,0,0,0,42,22,28,0,100,0,22,0,39,19,0,0
2010-01-01,18,0,0,0,23,57,0,18,0,0,0,0,0,49,55,24,0,0,23,0,0,0,0,0,0,0,71,23,0,0,0,0,0,22,0,0,0,51,0,35,0,0,0,0,0,22,16,13,0,0,0,0,0,0,0,0,0,0,36,0,0,28,0,24,55,24,19,0,0,13,23,0,30,0,0,0,19,0,22,0,27,0,17,0,48,0,0,0,0,40,34,53,15,0,25,0,0,0,13,30,0,34,0,0
2010-02-01,20,28,35,25,24,42,61,19,0,0,0,0,0,76,0,0,0,0,25,33,32,0,0,0,0,0,0,26,0,61,0,0,0,0,0,26,0,0,0,38,0,0,25,0,0,0,18,14,91,0,15,0,28,26,0,0,0,0,0,0,0,31,25,26,0,26,61,0,33,15,25,0,0,0,0,0,15,0,15,47,0,0,18,0,0,0,0,0,0,0,37,29,0,0,0,0,0,0,22,33,0,0,43,84
2010-03-01,26,0,23,32,13,60,0,17,0,0,36,0,0,24,0,0,29,0,0,0,0,0,0,12,0,0,34,22,0,54,21,46,0,32,25,23,0,24,25,0,0,0,0,0,0,0,47,12,0,0,13,66,24,0,0,0,0,0,0,0,0,0,22,17,0,0,0,0,0,13,0,0,0,0,0,0,13,0,19,0,0,0,16,0,0,0,0,0,0,0,22,25,0,0,49,0,0,0,26,29,0,49,0,0
2010-04-01,26,80,0,24,10,56,0,28,0,0,0,0,0,35,0,26,0,0,0,0,0,0,0,0,0,0,0,24,0,0,24,25,0,24,0,0,0,26,0,0,0,0,24,65,0,0,26,13,0,0,15,0,27,0,0,0,0,0,0,0,0,60,49,38,58,0,29,0,0,0,0,0,16,0,0,0,24,0,14,0,0,0,26,0,0,0,0,33,0,0,24,28,0,21,0,0,0,0,28,0,0,27,0,0
2010-05-01,28,0,25,47,24,42,0,18,0,0,38,0,0,30,0,25,0,32,24,0,0,0,0,13,0,0,0,48,0,0,23,25,25,23,0,0,0,26,27,36,0,0,0,0,0,0,28,13,0,0,14,0,0,0,0,0,0,0,0,0,0,0,0,47,0,0,0,0,0,0,23,0,16,0,26,0,14,0,14,0,28,0,17,0,0,39,0,32,0,0,35,27,15,20,0,0,0,0,27,0,0,18,0,0
2010-06-01,16,0,0,24,30,43,0,0,0,0,0,40,0,13,0,0,32,0,0,0,0,0,25,0,0,0,38,0,34,0,24,0,0,24,0,25,0,27,28,0,0,0,49,0,0,24,17,0,0,0,15,0,27,0,14,0,0,0,0,0,0,30,0,19,0,0,20,42,0,14,0,0,32,0,0,0,10,0,14,0,0,0,36,0,0,0,0,34,0,43,0,0,0,21,0,0,0,0,43,0,0,18,42,0
2010-07-01,17,0,0,0,31,40,0,29,62,0,0,0,0,18,0,0,33,0,0,0,0,0,0,21,0,0,0,51,34,61,24,26,26,24,0,26,0,28,0,0,0,0,0,0,0,0,18,0,0,0,15,0,0,26,0,0,0,0,0,0,0,31,25,20,60,0,20,0,0,15,50,0,16,0,0,0,10,0,14,0,0,0,18,0,0,0,0,0,66,0,25,0,0,0,0,0,0,0,36,0,0,19,0,0
2010-08-01,30,0,0,22,15,49,0,26,0,67,0,0,0,16,0,0,29,0,0,0,0,0,0,12,0,0,0,23,31,55,22,0,24,22,0,0,0,0,25,70,0,0,23,0,0,0,16,0,0,0,14,0,0,0,0,0,0,0,18,0,42,0,23,18,54,0,18,0,0,13,0,0,15,0,75,0,23,45,13,42,26,0,25,0,0,0,0,0,0,0,0,26,15,29,25,0,0,0,20,0,0,33,0,0
2010-09-01,42,25,0,0,14,32,0,35,0,0,0,0,0,16,0,0,0,31,22,0,0,0,0,0,0,0,34,0,62,54,22,23,0,22,25,0,0,25,25,0,0,31,23,0,0,0,16,12,0,0,0,0,0,0,0,0,0,0,0,0,42,0,0,18,54,0,18,0,0,13,22,0,15,0,0,0,27,0,22,41,26,0,16,22,0,0,0,0,0,0,0,0,37,19,0,0,0,0,13,0,0,0,0,0
2010-10-01,52,24,22,21,20,48,0,34,0,0,0,0,0,35,0,0,28,0,21,0,0,0,0,0,0,0,33,0,0,0,0,22,22,42,24,22,0,0,0,33,0,29,0,0,0,21,23,12,0,0,0,0,24,22,0,0,0,0,0,0,0,0,0,17,0,22,0,0,56,12,21,0,14,0,0,0,17,57,42,40,0,0,0,0,0,0,0,29,0,0,35,0,28,19,24,0,0,0,19,28,32,32,0,0
2010-11-01,30,0,0,0,8,40,0,16,50,0,0,33,0,22,50,0,27,0,0,0,0,0,21,0,0,0,0,21,0,0,0,0,0,0,0,22,0,23,0,32,100,0,20,28,0,20,14,11,0,0,13,62,23,0,12,0,23,0,16,0,0,0,20,41,0,0,0,0,0,12,0,0,0,0,23,0,21,0,18,0,24,0,15,0,0,0,0,28,0,0,20,47,27,0,23,0,0,0,12,27,0,31,0,0
2010-12-01,38,0,23,0,22,51,0,17,54,0,0,0,0,27,52,23,28,60,0,19,0,0,0,0,0,0,0,0,30,0,35,0,0,21,0,0,0,0,0,0,0,0,22,0,0,0,0,12,0,0,13,0,0,0,0,0,24,0,17,0,0,0,22,40,0,45,30,0,0,13,0,0,14,0,0,0,26,0,42,0,25,0,0,0,0,0,0,30,0,0,64,25,14,0,24,0,0,0,32,29,0,16,0,0
2011-01-01,23,0,27,15,21,51,0,36,0,0,0,0,0,31,0,16,0,21,31,0,19,0,16,0,0,0,0,16,0,75,15,16,16,30,17,32,0,17,17,24,0,0,0,0,0,15,25,13,56,0,13,0,17,0,13,0,17,0,24,0,0,19,15,24,0,24,25,0,20,9,0,0,10,0,17,0,28,20,15,0,18,0,19,15,32,0,30,21,0,0,15,18,10,13,0,0,60,0,0,0,0,23,0,0
2011-02-01,29,0,17,16,11,64,0,26,40,0,27,27,0,50,40,0,0,0,17,0,21,0,34,9,0,0,26,50,0,0,16,17,0,16,18,17,0,24,19,0,0,23,16,0,0,0,17,18,60,0,0,49,18,0,9,98,0,0,0,0,0,0,25,33,40,17,14,0,21,29,0,0,11,0,0,0,13,0,19,0,29,0,12,0,0,54,0,23,0,29,24,58,0,14,0,0,0,0,19,0,0,0,0,0
2011-03-01,28,0,23,22,28,37,0,12,0,0,0,0,0,24,0,16,0,0,30,0,19,0,15,8,0,0,0,15,34,0,29,0,16,22,0,16,0,33,0,23,0,0,15,0,0,0,18,16,0,0,14,45,0,0,0,0,16,0,0,0,0,0,15,30,0,16,16,0,0,17,0,0,10,0,25,0,18,20,9,0,17,0,11,15,0,0,0,20,0,0,37,0,13,13,33,0,0,0,14,19,0,11,0,0
2011-04-01,18,19,18,50,18,50,42,40,0,0,28,0,0,37,0,18,22,0,17,15,0,0,35,0,0,0,26,17,35,0,17,17,0,16,0,17,0,19,19,0,0,0,17,0,29,0,24,28,62,16,10,0,0,0,10,100,18,0,27,0,0,0,17,0,0,0,27,0,22,0,0,0,11,0,38,23,21,0,20,0,19,0,0,0,0,28,0,23,0,0,33,0,11,29,18,0,0,0,20,0,26,25,0,0
2011-05-01,22,17,39,37,31,61,0,18,0,0,0,0,0,11,0,32,20,0,0,0,0,0,62,8,0,0,24,15,42,0,29,0,16,15,0,16,0,17,0,23,0,21,15,0,0,15,16,25,0,0,37,0,17,0,9,0,17,0,12,0,0,0,15,12,0,0,12,0,0,13,15,0,15,0,0,0,12,0,15,28,18,0,11,0,0,25,29,0,0,27,30,0,15,26,17,0,0,28,40,0,23,11,0,0
2011-06-01,30,18,25,16,22,55,58,25,0,0,0,0,0,26,0,0,21,0,0,14,0,56,97,17,0,0,25,16,0,0,15,16,16,21,0,33,0,17,18,0,0,0,16,0,0,15,11,9,0,0,0,0,17,16,9,0,17,0,13,0,0,0,16,0,0,0,13,0,0,9,16,0,21,0,18,0,16,21,18,0,18,0,17,16,0,0,0,0,42,0,23,18,10,14,0,0,62,29,12,0,0,29,0,0
2011-07-01,31,18,17,0,16,38,0,13,41,0,27,0,0,36,0,0,22,23,33,0,0,0,25,9,0,0,26,17,34,0,32,0,0,16,0,35,0,18,19,26,0,0,17,0,0,0,16,36,61,0,10,0,18,0,0,0,0,0,13,46,31,21,0,13,0,17,20,29,0,13,25,0,11,0,18,46,24,0,10,31,19,0,12,0,0,27,32,0,0,0,16,38,11,0,19,0,0,0,10,0,0,19,0,0
2011-08-01,42,26,16,0,11,56,0,12,38,0,26,0,0,25,37,0,20,22,15,0,19,0,0,0,0,0,0,0,0,0,20,16,16,20,0,16,0,26,18,24,0,0,15,0,0,15,33,14,0,16,9,0,17,16,9,0,0,0,12,0,0,19,16,12,0,0,19,0,41,14,23,0,10,0,17,0,16,41,9,0,0,50,11,0,0,0,0,0,0,0,15,18,10,0,23,0,0,0,13,20,0,17,0,0
2011-09-01,26,0,21,15,8,46,0,35,0,44,24,24,0,24,36,16,0,0,15,0,38,0,46,8,0,0,23,15,21,0,19,16,0,29,33,16,0,33,17,46,0,31,0,0,0,0,16,8,0,15,9,45,0,15,8,0,0,0,12,0,0,0,15,0,0,16,0,0,0,9,0,0,30,0,16,20,24,78,20,37,26,0,11,0,0,0,0,21,0,0,15,34,26,0,33,0,0,0,9,20,0,11,0,0
2011-10-01,71,0,15,14,9,49,0,33,35,0,0,0,0,28,0,15,19,0,14,12,18,0,29,8,0,0,0,44,0,0,42,15,0,35,40,22,0,16,16,66,0,0,36,0,0,0,20,20,52,0,9,0,16,0,8,0,0,0,0,0,0,18,14,11,34,15,23,0,19,16,42,0,9,0,0,0,23,56,55,44,0,0,14,0,0,23,0,0,0,0,23,0,23,0,32,0,0,0,25,19,0,0,0,0
2011-11-01,54,15,29,0,23,46,0,27,34,0,0,0,0,35,34,15,0,19,14,0,18,0,0,8,0,0,0,35,29,0,18,0,0,13,31,29,0,31,16,21,0,19,14,19,0,13,39,10,0,0,8,0,0,0,8,0,0,0,0,0,26,17,0,11,34,14,28,0,36,16,14,45,18,0,0,38,42,0,24,26,32,0,15,14,0,0,0,29,0,0,23,48,24,12,38,0,0,0,8,49,21,0,24,0
2011-12-01,32,15,34,42,25,54,0,16,34,0,0,0,0,28,34,37,0,19,14,12,18,0,43,0,0,0,0,22,19,34,18,15,15,55,0,15,0,62,24,22,0,19,57,19,24,14,25,26,51,0,20,0,15,0,16,0,15,0,0,0,0,0,14,34,34,29,23,0,19,16,14,0,14,0,16,19,14,0,27,0,49,0,15,0,30,0,28,19,37,25,21,16,18,24,16,0,0,0,8,28,21,11,0,47
2012-01-01,25,0,39,0,18,55,31,15,0,0,20,0,0,29,0,22,0,17,12,11,16,0,39,7,0,0,29,13,34,0,20,13,0,24,0,26,0,28,14,19,0,26,19,17,0,12,9,7,0,0,8,75,14,13,7,0,21,0,20,0,0,16,0,13,0,26,20,0,16,12,25,0,21,0,0,34,23,0,14,0,15,0,9,12,0,0,0,35,0,0,25,22,11,0,14,0,0,0,15,33,0,0,0,0
2012-02-01,38,0,19,13,30,56,0,37,33,0,0,22,0,39,33,14,0,19,0,12,0,0,14,0,0,0,0,14,25,0,26,0,0,13,0,14,0,52,15,0,0,0,14,18,0,13,19,15,100,0,12,0,0,0,12,0,15,0,0,0,0,0,14,21,65,14,39,0,27,12,0,44,21,0,0,0,27,0,8,0,16,0,24,14,0,22,0,0,0,0,13,16,13,0,0,0,0,0,8,0,20,20,0,0
2012-03-01,33,14,22,30,30,62,0,35,31,0,21,21,0,65,0,0,22,18,19,11,64,0,20,7,0,0,20,26,0,0,12,13,0,25,14,13,0,14,0,30,0,0,51,17,0,12,32,21,0,13,19,0,14,0,0,0,14,0,10,35,24,0,13,20,0,18,31,0,33,11,13,0,17,0,0,0,39,0,22,24,15,0,28,0,0,0,25,0,0,0,25,15,8,11,35,0,0,0,30,17,19,9,0,43
2012-04-01,37,0,35,48,29,62,33,26,33,0,22,0,0,22,0,14,0,18,13,12,17,0,20,7,0,0,0,14,18,0,26,0,14,26,0,23,0,37,15,0,0,18,27,18,0,19,28,42,49,0,8,0,29,14,0,0,15,0,21,0,0,16,13,21,32,14,33,0,17,15,13,0,9,0,15,18,22,0,10,0,31,0,0,0,0,33,26,0,0,0,26,46,12,17,25,0,0,0,31,18,0,10,0,0
2012-05-01,36,14,20,55,26,47,31,30,31,0,52,0,0,30,30,13,33,18,13,11,16,0,13,7,0,0,40,13,18,31,19,0,13,19,0,27,0,21,15,20,0,17,26,0,0,0,33,14,47,13,19,38,0,0,14,0,14,0,15,0,0,0,13,17,0,0,14,0,17,15,25,0,17,0,14,44,28,17,20,24,15,0,28,13,0,42,25,0,34,0,21,29,17,11,21,0,0,24,26,17,0,29,0,0
2012-06-01,30,29,18,13,22,49,49,41,98,0,32,43,0,24,0,0,35,0,20,0,17,0,0,11,0,0,21,0,37,0,19,0,28,13,22,28,0,29,15,0,0,27,13,0,23,0,24,12,0,0,0,40,0,0,7,0,0,0,14,0,0,16,0,0,0,0,14,23,0,15,26,0,15,0,0,37,11,18,8,25,0,0,10,13,0,0,0,18,0,0,26,15,9,34,15,0,52,0,21,0,20,25,0,0
2012-07-01,24,23,51,14,15,49,0,43,34,41,23,0,0,30,0,15,0,19,14,0,0,0,0,10,0,0,29,14,19,0,14,29,14,14,0,0,0,15,16,22,0,0,14,19,0,20,20,13,0,14,9,0,0,0,8,0,0,0,11,0,26,17,14,0,34,0,15,24,0,11,0,0,9,0,15,0,25,0,8,0,0,45,10,0,0,0,0,19,0,0,34,16,9,0,26,14,0,0,12,18,0,47,0,0
2012-08-01,39,29,14,0,34,47,0,62,33,0,22,0,0,22,0,14,17,18,13,12,17,0,0,15,0,0,21,0,24,0,13,14,0,26,15,28,0,22,15,21,0,0,27,0,23,19,22,18,49,0,20,0,0,14,8,0,15,0,16,37,25,0,18,21,0,0,14,0,18,13,40,0,18,0,15,18,22,35,13,0,31,0,10,13,0,0,0,0,0,24,35,0,9,23,20,0,0,0,26,17,0,49,0,0
2012-09-01,57,0,13,13,17,49,0,25,31,38,0,21,0,25,31,27,33,18,0,0,16,0,26,14,0,0,30,13,35,31,21,0,0,21,14,31,0,21,19,20,0,0,26,0,0,12,24,14,0,25,12,0,14,13,7,0,28,0,10,0,0,16,13,0,0,0,10,66,0,12,0,0,17,0,14,0,26,17,35,24,15,0,15,13,27,0,0,18,0,0,19,30,47,11,19,0,0,0,22,17,0,9,0,0
2012-10-01,44,0,18,0,29,55,0,32,28,0,19,19,0,34,0,12,30,16,29,10,22,0,18,6,0,0,0,12,16,0,11,0,12,15,20,12,0,17,13,0,0,0,35,16,0,17,12,6,85,0,7,0,13,12,13,0,19,0,12,0,0,0,23,12,0,12,14,0,0,9,23,0,16,0,13,16,21,31,57,29,27,0,14,0,0,0,0,16,0,0,11,47,54,0,13,0,0,0,16,36,18,30,0,0
2012-11-01,29,0,24,0,20,67,28,49,0,0,0,0,0,27,28,12,0,0,0,10,29,41,24,0,0,0,24,35,16,28,11,36,12,22,0,48,0,25,13,36,0,0,23,0,20,17,24,11,0,0,7,0,13,0,10,0,13,0,14,0,0,14,0,12,0,30,9,0,15,20,34,37,27,0,13,16,33,15,22,43,20,0,8,0,24,0,0,16,0,20,30,13,33,0,21,0,0,0,23,23,18,43,20,0
2012-12-01,36,20,0,12,23,49,0,38,0,0,20,20,0,31,29,13,16,25,0,0,31,0,31,7,0,0,19,31,0,0,23,25,0,20,0,32,0,18,0,0,0,0,18,33,21,16,9,13,44,0,0,0,0,0,28,0,13,0,10,0,0,0,24,26,29,25,13,0,16,12,12,0,24,0,0,34,37,0,24,23,14,40,13,0,26,0,0,41,32,22,36,35,29,0,22,0,0,0,7,40,19,9,21,0
2013-01-01,31,12,26,11,32,57,0,50,0,32,0,0,0,63,38,11,14,15,16,22,27,0,32,12,0,0,17,0,22,0,24,44,11,21,0,26,0,24,12,25,0,15,37,0,0,10,11,14,39,0,9,48,0,0,15,0,12,0,17,30,0,13,18,28,0,0,31,0,14,22,0,0,11,0,0,15,36,0,16,0,12,0,8,0,0,0,41,20,0,19,47,37,14,14,24,0,42,0,12,21,0,8,0,0
2013-02-01,37,26,21,23,27,65,29,28,58,0,19,19,0,51,0,13,15,16,0,17,15,0,18,0,0,0,0,12,49,0,23,25,12,27,13,25,0,13,13,0,0,16,42,16,20,11,8,9,0,12,14,35,13,12,0,0,0,0,19,33,0,15,24,28,0,12,24,0,0,16,0,0,24,0,13,16,31,0,14,0,27,0,9,0,0,0,23,49,31,0,15,41,12,10,48,0,0,0,14,0,18,9,20,0
2013-03-01,28,12,15,42,29,62,0,37,26,32,17,0,0,40,26,44,14,14,10,18,40,0,0,0,0,0,16,11,14,26,21,22,11,21,12,27,0,47,12,0,0,22,32,0,0,10,30,23,38,10,13,32,17,0,6,0,23,0,8,0,0,13,10,11,25,11,26,36,14,6,21,0,12,0,0,14,21,0,12,0,31,34,8,0,22,0,0,14,0,19,31,0,17,15,12,0,41,0,18,0,16,8,18,36
2013-04-01,27,0,23,33,32,66,0,35,27,0,18,36,0,40,0,0,0,15,11,10,28,0,28,6,0,0,26,11,15,0,16,23,11,16,12,29,0,32,13,26,0,0,44,0,19,21,18,12,60,0,7,0,0,11,16,0,12,0,9,0,0,14,17,32,0,12,24,19,0,11,16,0,22,0,0,15,20,0,15,0,26,0,8,15,0,0,22,0,0,19,25,13,14,10,49,0,0,0,19,15,0,0,0,0
2013-05-01,37,12,19,36,25,50,0,43,0,0,36,0,0,42,0,23,29,15,16,13,14,0,34,0,0,0,26,11,15,27,27,17,0,14,12,11,0,30,12,17,0,15,28,0,0,11,54,8,0,0,7,0,12,0,19,0,18,0,9,0,0,0,11,13,0,23,27,19,0,13,33,0,15,0,12,15,27,0,13,0,13,0,8,11,0,18,0,15,29,0,47,25,0,28,20,0,0,20,16,24,0,20,19,37
2013-06-01,45,27,25,18,30,61,29,38,44,0,20,0,0,22,0,0,31,0,12,0,15,0,37,7,0,0,19,0,41,0,18,13,19,24,13,13,0,35,14,18,0,0,12,16,0,35,28,7,44,0,24,0,13,0,14,0,13,0,10,0,22,15,12,10,0,13,30,21,0,21,18,0,20,0,13,17,24,16,14,0,0,0,9,0,0,30,24,16,0,0,51,21,8,10,27,0,0,0,30,16,0,32,0,40
2013-07-01,36,19,22,13,31,49,31,45,31,0,42,0,0,34,0,14,17,17,13,0,16,0,0,11,0,61,46,20,27,31,12,0,0,25,0,13,0,21,14,20,0,17,32,0,0,18,45,7,47,13,12,0,0,0,7,0,0,0,10,36,0,0,26,10,31,13,31,22,17,11,38,0,9,0,0,0,41,0,7,0,0,0,22,0,27,0,0,0,0,0,50,15,0,0,21,0,0,0,25,25,19,48,0,85
2013-08-01,22,27,19,0,51,59,29,37,0,0,39,0,0,28,0,25,21,0,12,16,15,0,12,13,0,0,19,0,44,44,19,13,12,20,13,17,0,13,20,56,0,0,42,0,0,12,34,11,44,0,15,36,13,12,7,0,13,0,9,0,0,0,18,10,0,13,15,21,32,10,35,0,19,0,13,17,29,0,14,0,0,0,13,12,0,0,23,33,32,0,29,0,21,0,20,0,47,0,37,32,0,22,0,0
2013-09-01,50,25,28,0,26,58,0,44,28,0,19,18,0,39,27,16,15,0,17,10,22,40,0,6,0,0,18,23,47,0,15,12,24,39,44,16,0,13,13,18,0,0,23,15,0,16,27,6,41,0,17,0,13,18,6,0,12,0,13,31,0,0,15,18,0,0,37,20,20,11,11,0,8,0,0,16,34,38,13,0,0,0,8,11,0,0,0,16,0,0,26,20,57,10,38,0,0,0,18,20,17,34,0,0
2013-10-01,56,12,29,11,12,54,27,43,27,0,0,27,0,26,27,12,29,15,22,16,14,39,17,0,0,53,17,19,0,0,22,12,0,29,12,23,0,43,12,26,0,30,61,0,0,14,26,8,40,0,7,33,0,11,6,0,0,0,26,0,21,0,26,18,0,12,18,0,0,16,0,0,12,0,12,15,25,15,77,41,39,0,11,0,23,18,0,15,29,0,22,25,39,0,24,0,0,20,24,24,0,17,0,0
2013-11-01,53,12,16,11,30,50,0,39,41,0,0,0,0,52,27,30,0,0,22,10,0,79,40,6,0,0,35,40,16,0,25,0,12,15,19,16,0,49,0,17,0,15,45,0,0,29,20,8,0,0,7,34,16,0,6,0,0,0,26,0,0,0,17,22,0,23,15,0,58,7,0,0,0,0,12,16,29,15,37,0,33,36,14,0,47,18,22,15,0,0,26,45,34,10,58,11,44,0,20,34,0,17,20,0
2013-12-01,47,0,36,12,48,57,0,18,0,35,0,0,0,53,28,12,0,24,23,21,0,0,36,0,0,0,18,12,0,29,19,25,12,15,13,33,0,52,13,36,0,0,17,23,0,28,25,19,86,11,10,70,0,0,26,0,0,0,9,0,0,0,16,34,0,0,32,20,15,7,11,0,10,0,0,48,40,0,27,22,0,0,14,0,25,0,0,24,31,21,46,88,23,0,17,0,46,0,9,20,0,17,20,40
2014-01-01,41,0,21,10,32,61,0,40,38,0,17,17,0,63,25,27,13,28,10,9,0,72,42,6,0,0,48,11,19,25,15,27,16,20,12,11,0,57,23,24,0,14,16,0,0,20,17,14,56,0,9,31,11,0,12,0,17,0,8,29,0,0,10,25,25,27,14,0,13,12,31,0,27,0,11,14,25,0,18,19,18,0,11,10,0,0,20,21,0,0,66,42,22,9,27,0,0,19,18,23,16,8,0,35
2014-02-01,28,0,24,17,47,66,28,27,28,0,19,0,0,77,42,20,23,16,17,20,15,0,18,9,0,0,36,18,21,0,15,24,0,19,0,24,0,32,13,18,0,0,46,16,0,28,30,15,42,0,18,0,0,0,0,0,13,0,18,0,0,0,12,24,0,12,22,0,0,13,11,0,15,0,0,32,21,15,13,0,27,0,8,11,24,19,23,26,0,0,23,26,18,20,38,0,45,0,23,15,0,17,0,0
2014-03-01,39,0,27,38,51,70,0,41,26,0,0,0,0,56,25,0,14,14,37,15,0,0,32,0,0,0,27,0,22,0,15,0,0,20,0,27,0,27,12,32,0,14,21,14,0,37,32,17,38,0,11,31,23,11,0,0,23,0,17,0,0,0,11,22,25,11,31,0,41,12,21,0,10,0,12,14,13,28,14,0,18,0,8,10,0,0,0,14,0,0,31,36,14,9,19,0,0,0,22,21,16,27,18,0
2014-04-01,28,24,29,73,64,76,27,34,36,33,18,0,100,56,0,29,14,0,11,10,21,0,23,0,0,0,26,11,38,27,25,0,0,33,12,31,0,41,0,17,55,0,22,15,19,11,45,18,40,0,18,67,24,0,13,0,0,0,9,0,0,14,15,9,0,23,21,19,0,6,0,0,18,0,0,15,22,0,13,0,13,36,8,15,0,18,0,0,29,20,33,38,7,19,37,0,0,0,26,15,17,8,0,38
2014-05-01,29,12,51,47,59,73,0,34,27,0,35,27,0,49,0,19,21,15,11,16,14,0,17,6,0,0,26,17,38,27,35,11,11,18,0,17,0,36,18,50,0,30,55,0,0,11,41,16,0,11,9,33,12,11,0,0,16,0,17,30,20,13,15,9,26,23,30,38,14,11,16,0,14,0,12,0,24,14,25,0,13,0,18,0,23,36,0,22,29,19,32,13,14,24,32,0,0,20,34,29,0,37,0,0
2014-06-01,20,14,13,20,44,62,0,67,0,0,0,20,0,33,0,17,32,0,12,32,0,0,0,17,0,0,48,13,17,0,20,0,13,24,14,13,0,41,14,19,0,0,19,0,0,0,49,10,45,12,23,37,14,0,7,0,13,0,10,0,34,30,25,39,0,26,23,0,16,18,12,0,16,0,14,25,22,33,17,0,0,0,9,12,0,20,0,17,32,22,56,35,12,16,36,0,0,0,29,27,18,46,0,0
2014-07-01,43,37,17,0,46,50,0,34,30,0,30,0,0,29,0,26,22,17,37,11,0,0,13,14,0,0,48,19,17,0,24,13,0,24,21,13,0,20,19,19,0,0,50,0,0,12,38,14,45,24,15,37,14,0,7,0,0,0,0,0,69,0,12,10,30,13,10,21,0,7,12,0,14,0,14,0,38,0,14,0,0,0,9,24,0,40,0,0,0,0,55,0,16,16,55,0,48,0,24,16,0,37,0,0
2014-08-01,44,14,19,0,43,65,30,53,30,0,0,0,0,58,0,39,24,0,12,11,62,43,0,7,0,59,19,12,51,90,40,0,25,30,27,19,0,31,18,38,0,17,37,0,21,31,26,7,45,24,7,36,0,0,14,0,0,100,13,0,23,0,20,16,29,19,20,21,16,24,12,0,16,0,27,17,35,16,19,23,21,0,15,0,0,0,0,0,32,0,40,21,20,11,47,12,0,0,24,16,18,32,0,0
2014-09-01,75,13,12,0,37,57,43,46,29,0,19,0,0,30,28,19,15,0,18,20,22,83,0,6,0,56,36,12,24,29,15,12,0,11,39,12,0,30,22,18,0,16,53,0,0,28,19,10,43,0,14,35,0,0,7,0,0,0,14,0,22,0,12,0,0,12,16,20,0,23,23,0,12,0,26,38,31,46,18,22,0,0,26,0,0,19,23,0,47,21,52,54,72,10,35,0,0,0,25,15,18,9,0,0
2014-10-01,47,16,19,16,21,60,0,39,40,0,0,0,0,55,53,27,14,23,11,19,69,77,34,6,0,52,17,19,15,0,16,11,11,21,24,11,0,28,19,17,0,30,27,15,0,35,31,12,40,0,10,33,0,0,6,0,12,0,13,0,0,0,11,9,0,11,33,0,0,8,11,0,7,0,12,0,22,0,83,41,32,0,8,0,23,0,0,15,29,0,25,31,41,0,18,0,0,0,11,22,0,8,0,0
2014-11-01,49,12,17,22,38,79,0,48,54,0,0,18,0,82,27,12,29,30,17,14,14,39,57,6,0,0,0,23,30,27,32,0,23,11,25,23,0,61,13,17,0,25,39,0,19,32,16,14,41,0,17,33,0,0,6,0,12,0,12,0,0,0,11,21,0,17,21,0,15,13,11,36,12,0,18,23,29,15,17,21,13,0,8,0,0,18,0,15,0,20,62,19,44,0,74,0,0,0,19,29,0,21,19,0
2014-12-01,29,0,29,0,49,68,0,31,28,0,18,0,0,67,0,24,0,23,23,16,14,0,34,6,0,54,0,27,31,0,26,24,12,29,25,12,0,54,26,0,0,16,34,30,0,25,16,25,0,0,7,34,12,0,22,0,12,0,15,0,21,0,23,51,27,39,21,19,0,7,11,0,23,0,13,16,43,30,10,21,20,0,8,0,24,0,44,21,0,30,17,65,30,10,21,0,0,0,20,40,17,17,0,0
2015-01-01,25,0,17,10,72,75,24,31,24,0,16,0,0,55,48,21,13,14,20,23,19,70,15,5,0,0,16,14,32,0,29,15,10,16,0,31,0,66,11,47,49,27,50,13,0,54,28,18,36,0,12,44,11,0,14,0,11,82,24,0,0,12,10,24,36,10,30,0,0,9,30,0,9,0,0,14,26,13,15,18,12,32,18,0,21,0,19,18,0,18,29,85,26,8,28,10,39,0,23,26,0,7,0,0
2015-02-01,28,12,11,0,63,62,0,30,27,0,0,36,0,57,26,23,0,15,16,13,14,39,39,6,0,0,0,11,15,27,32,0,0,28,12,27,0,32,12,0,0,0,27,0,0,35,41,10,40,22,7,33,0,0,9,0,12,0,9,0,0,0,11,22,26,11,36,0,0,19,16,0,7,0,0,15,29,14,19,0,19,0,8,11,23,0,0,15,29,19,36,31,12,24,32,0,43,0,21,36,17,16,0,0
2015-03-01,33,11,26,32,74,75,24,34,24,29,0,16,0,78,0,21,0,0,10,17,12,0,15,9,0,47,23,25,32,24,19,10,0,51,11,20,0,60,15,23,0,13,30,26,0,28,21,18,36,10,6,0,11,0,6,0,0,0,16,0,18,0,10,29,0,20,21,0,13,9,0,0,13,0,16,13,42,13,8,0,23,0,12,0,21,32,0,0,0,0,32,11,13,8,40,0,38,0,11,32,0,37,0,0
2015-04-01,48,0,22,49,59,69,0,66,26,31,34,0,0,57,0,22,0,14,0,23,26,0,11,6,0,0,16,21,36,0,20,11,0,31,0,22,0,27,12,16,52,0,16,28,0,37,27,27,38,10,10,63,12,11,6,0,12,0,0,0,0,0,28,17,0,11,17,0,14,12,10,0,21,0,12,14,30,0,14,39,25,34,10,10,45,17,41,22,0,0,52,12,7,14,31,0,0,0,27,14,0,27,0,0
2015-05-01,32,19,22,65,52,60,25,36,25,0,33,34,0,52,0,11,27,0,0,14,0,0,11,6,0,100,40,11,35,0,27,11,0,40,12,22,0,23,12,16,51,0,26,14,0,20,36,15,0,10,8,31,11,11,12,0,23,0,0,0,0,13,21,8,25,11,28,0,34,10,10,0,14,0,0,14,40,0,12,0,12,0,15,10,0,23,0,14,0,18,44,24,14,9,23,0,0,0,24,13,16,42,0,0
2015-06-01,28,21,23,22,62,76,27,52,27,0,0,18,0,28,0,0,29,30,17,20,14,0,11,12,0,0,17,15,39,27,22,12,12,27,0,19,0,41,13,17,0,15,22,0,19,22,55,15,0,0,7,34,12,0,6,0,12,0,9,31,21,0,22,15,27,18,24,0,15,17,33,0,20,0,12,0,29,0,13,0,20,0,8,17,0,27,22,0,0,0,33,26,18,13,54,0,44,0,43,15,0,50,0,0
2015-07-01,27,23,32,12,81,74,30,34,0,0,20,0,0,22,0,13,22,17,12,25,0,0,25,17,0,0,19,25,28,0,28,13,13,18,21,19,0,32,21,19,0,0,31,0,21,28,55,20,67,12,15,0,0,0,7,0,14,0,13,35,23,0,19,13,0,13,20,21,16,7,24,0,22,0,27,34,30,33,17,23,14,0,18,12,26,0,0,0,0,0,16,14,14,16,55,0,49,0,34,0,0,64,0,0
2015-08-01,35,16,16,11,67,68,27,43,27,33,18,18,0,30,0,12,15,15,0,15,14,0,0,6,0,54,35,0,31,54,40,12,12,16,0,23,0,41,13,26,0,0,17,0,0,39,26,10,0,0,10,0,0,0,6,0,0,91,0,0,41,14,19,22,0,12,23,0,15,6,17,0,22,0,12,0,23,0,24,21,39,36,16,11,24,0,0,15,0,0,18,13,11,0,37,0,0,0,39,59,17,33,0,0
2015-09-01,48,12,18,22,48,63,0,44,28,0,0,18,0,47,27,18,15,16,11,10,28,0,35,6,0,54,17,23,31,0,18,24,12,16,19,23,0,12,13,35,0,31,34,0,0,22,32,21,41,11,7,0,25,0,6,0,0,0,18,0,21,14,11,18,27,12,28,19,22,16,17,0,12,0,12,16,20,22,50,21,13,0,16,0,0,0,0,0,0,0,26,33,59,0,25,0,0,0,13,15,0,17,0,0
2015-10-01,47,18,40,0,57,63,0,43,80,0,0,0,0,47,27,12,14,15,22,10,14,77,33,6,0,52,17,15,23,27,25,11,11,11,12,19,0,20,0,34,0,25,28,22,0,47,36,6,60,21,13,0,12,11,6,0,12,0,17,0,0,0,16,17,26,19,9,19,0,8,11,35,10,0,12,15,36,14,100,54,25,0,13,0,0,18,0,30,29,0,18,63,38,0,24,0,43,0,21,48,0,24,19,37
2015-11-01,51,0,23,0,52,79,27,65,27,0,0,0,0,78,27,20,14,30,28,16,21,39,17,6,0,0,29,23,15,27,32,12,0,11,0,12,0,33,25,26,0,0,11,20,19,50,44,22,0,0,18,0,12,0,6,0,0,0,9,0,21,14,11,23,53,12,9,0,29,6,11,0,10,100,12,15,40,15,47,27,39,0,11,0,0,0,22,0,0,0,25,89,61,10,29,0,44,0,15,29,0,12,0,0
2015-12-01,44,0,16,0,42,80,0,28,0,0,19,19,0,64,38,37,15,16,12,0,22,0,24,6,0,0,18,24,24,29,15,12,18,30,13,12,0,35,13,18,0,16,30,24,0,34,28,39,0,0,10,35,13,12,13,0,26,0,12,0,22,14,24,37,28,28,38,0,0,10,0,0,29,0,13,16,43,0,11,0,41,0,17,0,0,19,0,32,62,0,34,67,20,10,22,0,0,22,11,41,18,35,0,39
2016-01-01,43,16,20,22,66,80,0,41,35,0,16,15,0,67,46,35,12,0,19,19,12,0,24,5,0,46,37,0,0,35,28,10,10,37,11,20,0,35,22,15,0,20,33,13,0,55,38,18,35,9,23,28,10,0,5,0,0,78,15,0,0,12,14,25,23,20,34,0,0,7,14,0,15,0,10,13,29,13,17,18,17,0,10,9,20,0,28,33,0,0,50,38,17,8,46,10,0,0,18,29,14,32,0,0
2016-02-01,48,11,52,20,63,78,24,51,24,0,16,0,0,92,32,16,0,27,10,15,19,35,51,0,0,47,31,14,28,25,36,31,0,19,33,35,0,22,11,31,0,27,20,20,0,93,42,22,36,0,14,30,22,0,17,0,11,0,8,0,0,0,20,26,36,16,16,0,13,6,10,0,11,0,11,14,38,26,19,0,23,32,0,10,21,0,19,18,26,0,54,69,13,13,22,0,39,0,29,22,0,22,17,0
2016-03-01,42,16,26,37,84,59,0,44,23,0,0,16,85,82,23,25,0,0,47,16,12,0,34,5,0,0,15,10,33,23,15,30,10,40,11,23,0,42,11,0,0,0,33,13,0,46,36,23,52,19,19,0,10,10,0,0,14,0,8,0,0,12,0,32,45,10,35,0,18,11,9,0,13,0,16,20,38,12,11,0,11,31,14,9,40,0,18,13,0,17,53,55,19,8,31,0,0,17,31,29,0,35,16,0
2016-04-01,40,0,37,39,79,69,24,54,73,0,32,32,0,59,0,28,13,13,15,17,12,0,30,0,0,0,0,20,27,0,29,10,10,22,11,38,0,25,0,15,0,13,25,0,0,48,51,31,36,19,27,29,0,15,6,0,11,0,16,0,0,0,30,21,0,17,40,0,13,11,0,0,15,0,11,20,34,13,21,0,23,0,14,15,21,32,19,20,26,0,35,23,23,13,18,0,0,18,29,26,0,22,0,33
2016-05-01,33,43,47,45,69,58,24,53,24,0,32,16,0,41,47,15,13,27,10,14,12,0,44,5,0,0,45,10,40,24,32,0,10,25,11,17,0,36,11,30,0,27,24,13,17,31,74,30,35,0,24,29,11,10,8,0,11,0,11,0,18,12,36,8,23,10,24,17,13,11,24,0,15,0,0,13,37,13,6,0,23,32,9,10,0,21,19,0,0,34,41,34,23,17,54,0,0,0,28,26,15,47,17,0
2016-06-01,32,43,20,13,61,65,0,34,48,0,16,16,0,44,0,10,37,13,15,9,0,0,10,8,0,46,15,20,27,24,25,10,0,14,22,0,0,32,22,45,0,13,58,0,17,14,46,16,35,0,28,29,0,10,5,0,11,0,8,0,0,24,13,11,47,10,26,33,0,11,19,31,11,0,14,13,35,0,11,0,11,0,28,0,0,16,0,0,0,0,25,11,13,17,57,0,0,0,30,26,15,79,0,0
2016-07-01,26,19,18,15,81,43,28,49,28,34,31,19,0,45,0,12,25,16,0,17,22,0,0,9,0,55,54,12,26,28,56,12,0,22,0,36,0,51,26,27,0,47,29,0,0,22,60,17,42,0,14,34,25,12,0,0,13,0,9,0,0,0,23,9,28,12,19,20,15,11,11,0,30,0,25,32,46,30,20,0,20,0,17,11,0,19,22,0,30,0,19,26,15,10,55,11,0,0,56,20,17,98,0,38
2016-08-01,27,12,31,0,78,52,27,48,41,33,46,18,0,30,0,24,19,15,22,10,14,40,0,6,0,0,26,17,31,41,36,12,0,18,31,17,0,25,13,26,0,15,22,0,0,25,47,12,61,0,16,45,0,0,13,0,0,92,0,0,35,14,22,24,0,12,21,19,15,9,28,0,30,0,19,15,16,37,22,21,13,0,8,11,24,18,22,0,30,0,33,0,20,14,41,0,0,0,48,22,0,58,19,0
2016-09-01,49,0,22,0,48,65,0,58,26,0,18,17,0,46,26,15,14,15,11,14,27,38,33,6,0,0,17,11,40,52,35,0,11,16,18,11,0,32,36,17,0,22,32,0,0,38,53,18,59,11,7,32,18,0,9,0,12,0,9,0,0,13,16,11,0,11,17,18,42,9,32,0,21,0,20,15,37,0,58,40,25,0,42,11,0,17,0,15,0,0,21,49,38,9,36,0,42,0,23,14,0,40,0,0
2016-10-01,58,11,27,0,52,71,25,53,25,0,0,17,0,50,100,22,13,14,16,21,33,0,42,6,0,0,21,21,24,0,30,21,27,27,11,18,0,27,18,48,0,14,21,28,0,33,34,11,38,10,19,31,11,11,12,0,23,0,20,0,0,0,21,8,50,11,11,18,13,18,25,0,32,0,11,0,44,21,94,48,18,0,22,10,33,0,0,14,0,0,51,60,70,9,88,10,0,38,24,27,16,12,0,0
2016-11-01,59,0,26,0,55,56,0,43,25,0,33,16,90,98,36,21,26,21,10,20,13,0,61,0,0,0,16,34,18,37,54,16,10,16,11,10,0,27,23,38,0,0,25,0,0,58,33,8,73,10,8,30,11,0,6,0,11,82,21,0,0,12,13,29,0,16,35,17,17,13,15,0,20,0,11,20,46,0,54,28,12,0,7,10,0,0,19,23,26,0,26,98,24,0,59,10,0,18,8,39,15,7,0,0
2016-12-01,44,11,16,14,57,56,25,44,42,61,17,17,0,59,25,32,0,42,15,15,13,0,26,11,100,0,16,28,14,50,23,11,11,30,11,50,0,49,12,79,51,21,21,14,0,46,41,30,37,0,6,0,11,0,26,0,11,0,8,28,0,38,10,43,25,27,64,18,14,20,15,0,20,0,0,28,54,27,18,0,24,0,11,10,22,0,20,42,0,0,50,77,36,0,61,0,0,0,26,34,0,15,0,0
2017-01-01,38,10,23,0,66,56,23,48,23,0,0,31,0,100,23,20,24,19,19,27,35,0,38,10,0,0,37,14,30,23,23,39,10,34,16,39,0,49,11,0,0,13,10,13,0,100,31,19,46,9,17,28,10,10,21,55,0,0,17,0,0,0,19,22,23,20,19,0,12,24,18,0,27,0,10,0,34,0,16,18,22,0,7,9,20,0,0,13,25,0,37,43,14,8,21,0,0,0,22,49,0,21,16,47
2017-02-01,52,0,21,24,71,73,50,48,76,0,17,17,0,82,0,22,13,21,20,12,26,0,31,0,0,49,16,10,24,25,23,16,0,23,11,25,0,34,12,63,0,14,10,14,18,63,22,19,0,0,17,0,15,0,12,0,11,0,12,0,19,0,26,27,25,14,36,18,13,20,10,0,9,93,0,14,42,14,22,0,18,0,12,0,22,0,0,42,0,0,37,24,38,9,57,10,40,0,32,20,16,15,0,46
2017-03-01,37,10,33,30,98,64,44,63,29,27,15,29,0,53,22,33,16,0,13,20,23,0,46,5,0,43,42,9,19,22,23,14,0,32,10,22,0,40,20,14,0,25,23,12,15,52,51,33,33,9,9,0,10,0,15,0,10,73,7,0,0,0,15,14,21,19,37,31,12,10,0,0,24,0,10,12,24,12,21,0,21,29,7,9,0,15,26,31,24,0,70,46,14,13,63,0,0,17,33,27,14,13,16,60
2017-04-01,43,22,24,43,93,67,25,62,37,0,0,16,0,54,0,16,13,0,20,9,31,70,15,6,0,48,31,17,14,24,39,10,10,29,11,14,0,44,11,38,0,27,40,13,17,45,59,22,0,10,12,30,11,10,0,0,15,0,12,0,0,12,15,20,24,21,35,0,13,23,25,0,22,0,17,14,36,40,15,0,35,32,22,15,21,24,0,14,0,0,55,57,26,14,44,0,0,0,27,13,0,33,0,0
2017-05-01,24,10,25,53,84,69,0,59,23,28,0,30,0,50,0,25,24,13,14,19,24,0,14,0,0,0,22,13,35,23,37,10,15,31,11,39,0,36,32,29,47,22,24,13,33,32,71,33,0,9,13,0,10,20,5,0,10,0,10,26,18,0,25,8,23,29,46,0,37,9,19,0,21,0,10,13,49,13,15,35,0,0,25,9,0,15,0,17,25,0,50,33,12,8,45,0,0,17,24,29,14,39,0,32
2017-06-01,44,44,24,26,100,74,0,39,0,0,17,0,0,58,0,25,19,14,10,13,25,35,10,13,0,0,32,15,37,0,49,11,10,25,11,31,93,17,15,23,0,27,40,14,0,32,83,22,36,0,16,31,11,10,17,0,0,0,8,0,19,0,13,13,0,10,44,34,27,21,25,0,30,0,11,18,37,0,14,38,0,0,12,0,21,25,0,14,26,18,30,29,7,9,59,0,0,0,37,13,15,56,0,0
2017-07-01,46,35,17,0,75,52,0,62,0,0,26,35,0,25,26,0,35,15,11,19,13,0,0,10,0,0,41,16,34,0,17,11,0,24,0,15,100,20,0,25,0,15,32,0,0,34,95,27,0,0,9,0,12,11,6,0,12,0,8,0,0,0,32,13,25,11,23,0,0,6,21,0,14,0,16,29,30,14,16,20,31,35,8,21,0,0,0,15,56,0,28,31,28,9,43,0,0,0,25,19,0,55,36,0
2017-08-01,42,21,25,19,94,50,0,53,0,0,31,16,0,36,23,15,12,13,14,17,24,34,15,5,0,0,35,29,18,58,46,0,0,16,11,17,0,32,14,15,0,26,24,0,0,31,40,16,0,9,19,29,10,0,5,0,16,0,10,0,18,12,19,15,0,15,39,16,12,11,14,0,19,0,11,13,23,13,22,18,17,0,12,9,0,16,19,0,25,0,31,27,25,14,53,0,37,18,39,29,29,36,0,32
2017-09-01,44,10,15,19,46,70,23,66,23,0,16,15,0,56,69,20,0,26,24,25,0,0,24,5,0,0,20,14,20,0,25,10,20,21,32,29,0,26,11,44,0,13,33,0,0,40,40,19,34,9,13,0,10,0,16,0,0,0,17,0,17,23,19,15,23,10,36,0,0,15,23,0,13,0,0,13,34,25,53,0,22,30,16,9,20,0,0,0,25,17,40,49,54,0,42,0,0,17,22,21,0,28,16,0
2017-10-01,47,10,19,18,59,60,0,36,22,0,0,0,0,70,22,24,24,13,14,16,23,32,61,20,0,0,21,19,32,0,27,19,19,12,10,22,0,20,31,14,0,13,18,0,0,53,37,13,33,0,17,41,10,9,10,0,10,0,15,0,0,11,15,17,0,24,20,0,0,9,9,0,22,0,10,29,42,12,92,17,21,0,13,0,19,0,18,38,24,0,30,32,90,8,24,0,0,17,18,36,21,31,16,31
2017-11-01,71,20,18,9,46,77,0,65,22,0,0,19,79,63,0,9,17,12,22,28,22,0,27,10,86,0,0,24,16,22,29,18,14,30,10,25,0,39,0,27,0,0,18,12,15,57,37,21,64,9,11,0,16,9,10,0,10,0,12,0,0,11,9,33,21,18,26,0,23,15,13,0,23,0,10,20,50,12,43,16,31,0,11,9,19,14,0,12,23,0,32,81,54,8,81,0,69,0,27,46,13,7,15,30
2017-12-01,30,10,16,9,65,64,0,22,34,56,0,46,0,73,34,23,0,19,19,25,41,33,62,5,92,0,29,10,13,23,27,34,10,21,10,20,0,38,11,29,0,19,24,17,16,45,24,33,34,0,15,56,20,0,16,0,10,0,7,0,0,0,9,30,23,20,28,16,12,11,18,0,23,0,10,19,44,12,31,0,11,31,21,0,20,0,18,39,0,17,31,54,41,8,38,0,37,0,14,37,14,28,0,31
2018-01-01,37,9,18,0,81,76,21,76,21,25,14,41,0,79,20,22,16,0,21,25,42,0,34,5,0,0,0,40,39,0,27,13,15,19,9,24,0,25,19,45,41,19,42,15,0,73,26,28,0,8,17,25,9,13,10,0,9,0,16,0,0,10,11,42,20,18,34,15,11,18,8,0,17,0,19,23,32,11,26,0,30,0,9,8,18,14,0,19,0,0,50,68,28,7,50,0,0,0,20,33,0,13,0,28
2018-02-01,55,10,19,14,63,68,23,84,23,0,31,0,0,89,23,30,12,13,14,12,29,0,19,5,0,0,29,14,19,23,24,10,10,33,0,16,0,36,0,43,0,26,37,13,0,90,31,22,34,9,21,37,21,0,5,0,0,0,19,26,0,11,25,30,23,16,20,0,0,16,18,0,19,84,10,13,34,0,27,17,22,30,13,9,20,0,0,17,25,17,46,59,12,20,59,0,36,0,20,25,0,14,0,0
2018-03-01,51,9,35,28,73,60,0,59,21,0,27,27,0,68,20,18,0,12,21,26,26,0,17,0,0,0,52,20,12,20,27,35,9,16,0,18,0,37,10,52,0,12,38,11,14,62,46,28,51,0,31,25,14,0,7,50,14,0,10,23,0,0,17,33,0,17,25,0,11,23,0,0,26,0,14,35,38,0,26,16,24,27,12,8,0,14,0,23,0,15,47,48,16,7,74,0,0,16,24,18,13,6,0,28
2018-04-01,42,15,26,70,82,64,0,54,45,0,15,30,84,79,22,10,12,13,28,32,35,0,19,5,0,89,14,19,26,34,30,10,10,27,0,23,0,37,21,14,0,25,42,0,0,50,72,27,34,9,23,0,0,19,10,55,10,0,11,0,0,11,22,26,22,10,25,16,0,24,14,0,33,0,0,25,47,0,25,17,16,0,9,18,0,20,0,17,25,0,15,37,38,16,65,0,36,0,29,20,0,17,0,31
2018-05-01,31,16,24,49,83,74,0,51,21,0,24,14,0,53,21,14,11,12,22,15,11,31,27,7,0,0,41,9,42,43,28,14,14,25,10,36,0,19,13,40,0,24,48,23,0,42,70,26,0,9,12,26,19,18,10,0,10,0,14,0,0,0,14,11,21,9,33,0,11,15,9,0,12,0,10,16,26,0,7,0,20,28,15,17,0,29,17,0,23,0,37,35,9,12,35,0,0,16,24,17,13,65,0,0
2018-06-01,37,29,9,26,92,57,0,62,65,0,29,14,0,48,0,14,23,12,13,12,11,0,18,11,0,0,42,27,24,0,30,18,14,26,0,18,0,23,15,41,0,24,18,0,0,34,100,21,32,0,30,26,10,9,15,0,10,0,9,0,17,22,9,19,0,14,22,15,0,29,13,0,33,0,10,12,21,0,10,17,10,29,6,9,0,14,17,12,0,16,38,15,9,15,20,0,35,16,34,23,13,46,0,30
2018-07-01,45,14,10,14,66,51,23,80,23,55,30,38,0,52,0,15,20,0,9,33,0,0,0,7,0,0,34,22,56,23,36,15,10,18,0,20,88,34,11,36,0,38,23,0,0,42,35,28,68,9,9,28,10,0,13,0,10,77,12,26,17,11,9,17,0,29,28,0,12,20,9,0,16,0,10,26,28,0,14,0,27,30,9,9,0,15,0,13,0,0,46,32,22,0,35,0,0,0,29,12,14,77,0,0
2018-08-01,32,26,12,9,82,56,22,59,22,26,29,15,0,56,0,14,23,12,18,18,11,31,9,10,0,0,28,9,33,22,38,9,0,17,10,19,0,20,45,21,0,12,18,12,0,26,46,21,32,0,16,27,10,0,10,53,0,0,12,0,17,0,27,16,0,18,24,23,12,22,9,0,18,0,30,24,45,65,9,0,10,0,13,9,0,15,0,18,0,0,55,31,29,8,33,0,35,16,41,12,20,53,15,0
2018-09-01,69,13,19,13,54,47,0,70,22,27,0,15,0,65,29,13,18,12,18,24,11,32,18,5,0,0,23,9,21,22,29,9,14,23,40,41,0,50,14,28,0,12,13,12,16,52,30,21,49,0,15,27,0,9,10,0,10,73,19,0,0,0,12,7,0,38,27,0,12,14,13,0,12,0,25,31,44,24,49,33,21,29,28,12,19,0,17,25,24,16,53,31,43,16,37,0,0,17,44,20,14,27,0,0
2018-10-01,57,0,24,9,40,63,22,51,36,0,0,14,0,75,21,28,11,36,9,30,32,0,40,7,0,0,20,18,18,21,31,23,12,17,10,23,0,29,0,20,0,16,22,12,0,67,41,21,32,0,9,53,10,0,15,0,10,0,23,0,0,11,12,25,0,9,14,30,17,15,9,0,15,0,14,18,54,11,90,32,20,0,13,17,19,0,0,18,0,15,34,50,70,11,35,0,35,16,19,29,13,16,0,0
2018-11-01,44,9,15,8,44,59,0,56,21,0,14,14,75,83,20,27,22,0,17,22,32,30,39,5,0,0,26,26,12,0,16,26,22,19,9,24,0,43,13,26,0,23,21,0,0,60,38,34,46,0,22,51,12,0,12,0,9,0,17,0,0,10,21,36,0,12,28,0,0,11,12,27,15,0,9,35,44,11,60,36,44,0,9,8,18,0,33,15,22,0,33,88,50,7,100,9,0,0,18,26,26,13,22,0
2018-12-01,50,13,28,0,63,50,0,53,22,0,15,15,0,68,33,19,0,17,23,40,12,32,51,5,0,0,0,28,13,45,21,33,19,21,10,19,0,64,15,14,45,12,9,12,16,79,55,45,33,9,7,27,10,9,15,0,0,0,10,0,0,11,15,65,0,28,40,0,12,9,18,0,24,0,20,19,57,12,28,17,27,0,17,9,57,0,0,25,24,0,36,84,36,0,17,0,0,0,16,24,14,7,16,0
